,youtuber name,channel name,Category,Subscribers,Audience Country,avg views,avg likes,avg comments,New_Category
0,tseries,T-Series,Music & Dance,212.1M,India,323.7K,9.8K,290,Music & Dance
3,PewDiePie,PewDiePie,Animation,111.4M,United States,1.4M,80.8K,4.6K,Movies
4,MrBeast6000,MrBeast,Video games,92.5M,United States,30.6M,1.7M,67.7K,Kids & Toys
7,WWEFanNation,WWE,Video games,86.9M,United States,76.6K,2.8K,163,Kids & Toys
8,zeemusiccompany,Zee Music Company,Music & Dance,82.7M,India,108.7K,4.2K,155,Music & Dance
11,kidrauhl,Justin Bieber,Music & Dance,68.1M,United States,2.7M,162.7K,7.9K,Music & Dance
13,CanalKondZilla,Canal KondZilla,Music & Dance,65.5M,Brazil,36.8K,2.3K,153,Music & Dance
14,BANGTANTV,BANGTANTV,Music & Dance,65M,United States,2.8M,598.9K,14.2K,Music & Dance
15,sabtv,Sony SAB,Movies,64.9M,India,46.5K,899,27,Movies
16,ibighit,HYBE LABELS,Music & Dance,64.7M,United States,401.7K,62.3K,2.6K,Music & Dance
18,filmigaane,Shemaroo Filmi Gaane,Music & Dance,59.2M,India,64.5K,631,33,Music & Dance
19,corycotton,Dude Perfect,Video games,57.4M,United States,10.3M,375.7K,9.1K,Kids & Toys
22,Marshmello,Marshmello,Music & Dance,55M,United States,636K,47.4K,4.9K,Music & Dance
23,BHOJPURIWAVE,Wave Music,Music & Dance,51.5M,India,85.8K,1.4K,155,Music & Dance
25,aajtaktv,Aaj Tak,News & Politics,50.9M,India,8.9K,128,10,Journalism
26,sonymusicindiaSME,Sony Music India,Music & Dance,50.3M,India,60.2K,2.6K,75,Music & Dance
27,tipsmusic,Tips Official,Music & Dance,49.9M,India,230.8K,1.8K,85,Music & Dance
30,tseriesbhakti,T-Series Bhakti Sagar,Music & Dance,48.3M,India,26.4K,1.2K,73,Music & Dance
32,JuegaGerman,JuegaGerman,Animation,45.5M,Mexico,1.4M,140.7K,4.8K,Movies
33,yrf,YRF,Music & Dance,45.3M,India,184.2K,5.5K,104,Music & Dance
34,Billie Eilish,Billie Eilish,Music & Dance,45.1M,United States,1.3M,149.7K,7.2K,Music & Dance
36,whinderssonnunes,whinderssonnunes,Movies,43.8M,Brazil,140.8K,17K,145,Movies
37,BRIGHT SIDE,BRIGHT SIDE,Animation,43.2M,United States,79.7K,1.9K,137,Movies
38,KatyPerryMusic,Katy Perry,Music & Dance,42.6M,United States,151.6K,10.7K,824,Music & Dance
41,DjWalkzz,Alan Walker,Music & Dance,41.6M,United States,146.7K,12.9K,378,Music & Dance
42,sonymusicindiaVEVO,SonyMusicIndiaVEVO,Music & Dance,41.2M,India,2.3K,136,19,Music & Dance
44,speedrecordss,Speed Records,Music & Dance,40M,India,42.3K,1.8K,79,Music & Dance
45,A4,A4,Animation,39M,Russia,12.3M,650.5K,43.9K,Movies
52,gr6explode,GR6 EXPLODE,Music & Dance,37.2M,Brazil,179.6K,11.4K,190,Music & Dance
54,venus,Ishtar Music,Music & Dance,36.5M,India,67.8K,790,59,Music & Dance
55,Kimberly Loaiza,Kimberly Loaiza,Daily vlogs,36M,Mexico,9.2M,646.5K,42.3K,Journalism
57,DaddyYankeeOFFTV,Daddy Yankee,Music & Dance,35.8M,Argentina,1.7M,174.6K,15.8K,Music & Dance
67,vegetta777,VEGETTA777,Video games,32.9M,Mexico,394.2K,31.7K,256,Kids & Toys
70,Goldmines Gaane Sune Ansune,Goldmines Gaane Sune Ansune,Music & Dance,32.7M,India,65.7K,515,22,Music & Dance
71,markiplierGAME,Markiplier,Animation,32.5M,United States,3M,165.3K,6K,Movies
74,abpnewstv,ABP NEWS,News & Politics,32.1M,India,2.6K,35,3,Journalism
75,NoCopyrightSounds,NoCopyrightSounds,Music & Dance,32.1M,United States,535.5K,19.7K,1.2K,Music & Dance
76,Desi Music Factory,Desi Music Factory,Music & Dance,32.1M,India,10.8M,396.4K,143.6K,Music & Dance
77,Geet MP3,Geet MP3,Music & Dance,31.9M,India,381.4K,25.8K,1K,Music & Dance
81,tseriesapnapunjab,T-Series Apna Punjab,Music & Dance,31.3M,India,34.3K,1.4K,64,Music & Dance
82,SSSniperWolf,SSSniperWolf,Humor,31M,United States,4.9M,141.9K,7.3K,Humor
83,Mikecrack,Mikecrack,Animation,30.9M,Mexico,3.8M,277.4K,9.6K,Movies
84,GENIAL,GENIAL,Animation,30.9M,Mexico,74.3K,2.4K,83,Movies
89,AllTrapNation,Trap Nation,Music & Dance,30.5M,United States,129.3K,4.7K,136,Music & Dance
90,IndiaTV,IndiaTV,News & Politics,30.5M,India,13.6K,219,11,Journalism
93,SMTOWN,SMTOWN,Music & Dance,30.2M,United States,478K,54.7K,3.2K,Music & Dance
96,Ricis Official,Ricis Official,Music & Dance,29.7M,Indonesia,782K,51.6K,1.8K,Music & Dance
97,rezendeevil,rezendeevil,Video games,29.7M,Brazil,230.7K,28.7K,463,Kids & Toys
98,AH,AH,Music & Dance,29.6M,Indonesia,1.4M,81.1K,4.4K,Music & Dance
99,SpinninRec,Spinnin' Records,Music & Dance,29.5M,United States,70.3K,2.5K,71,Music & Dance
100,latenight,The Tonight Show Starring Jimmy Fallon,Music & Dance,29.3M,United States,88.8K,2.2K,121,Music & Dance
101,tseriesoldisgold,Bollywood Classics,Music & Dance,28.9M,India,44.4K,530,39,Music & Dance
104,DisneyMusicVEVO,DisneyMusicVEVO,Music & Dance,28.5M,United States,2.5M,63.2K,2K,Music & Dance
105,UltraRecords,Ultra Music,Music & Dance,28.3M,United States,30.6K,1.2K,48,Music & Dance
106,jacksepticeye,jacksepticeye,Video games,28.2M,United States,1.9M,127.6K,5.2K,Kids & Toys
108,xoxxxoooxo,The Weeknd,Music & Dance,27.7M,United States,355.6K,25.3K,1.1K,Music & Dance
109,TheLateLateShow,The Late Late Show with James Corden,Animation,27.5M,United States,78.1K,1.6K,112,Movies
110,ImagineDragons,ImagineDragons,Music & Dance,27.5M,United States,1.6M,95.8K,3.6K,Music & Dance
116,WWRBhojpuri,Worldwide Records Bhojpuri,Music & Dance,26.7M,India,119.6K,1.7K,129,Music & Dance
117,SongsOfIndianCinema,Saregama Music,Music & Dance,26.6M,India,31.6K,906,79,Music & Dance
118,MrBeast Gaming,MrBeast Gaming,Animation,26.5M,United States,23.3M,732K,44K,Movies
120,TheDonato,TheDonato,Video games,26.5M,Mexico,488.1K,56.5K,240,Kids & Toys
123,TheDiamondMinecart,DanTDM,Video games,26.1M,United States,1.3M,59.5K,3.7K,Kids & Toys
126,WorldStarHipHopTV,WORLDSTARHIPHOP,Music & Dance,25.8M,United States,72.7K,2.4K,267,Music & Dance
127,VanossGaming,VanossGaming,Animation,25.6M,United States,1.2M,57.5K,624,Movies
128,enchufetv,enchufetv,Humor,25.6M,Ecuador,960.6K,99.9K,235,Humor
130,LosPolinesios,LosPolinesios,Daily vlogs,25.4M,Mexico,620.9K,45.6K,997,Journalism
135,smosh,Smosh,Animation,25M,United States,193.4K,10.8K,382,Movies
136,xSkyHeLLxx,Renato Garcia,Toys,24.8M,Brazil,1M,112.2K,1.5K,Kids & Toys
138,zeenews,Zee News,News & Politics,24.5M,India,78.3K,1.3K,80,Journalism
140,WatchMojo,WatchMojo.com,Movies,24.4M,United States,77.7K,2.3K,231,Movies
143,Jess No Limit,Jess No Limit,Music & Dance,24.4M,Indonesia,363.2K,15.4K,1.1K,Music & Dance
144,TwiNboTzVids,Lucas and Marcus,Animation,24.4M,United States,472.4K,20.3K,749,Movies
146,jypentertainment,JYP Entertainment,Music & Dance,24.2M,United States,2.3M,455.2K,18.4K,Music & Dance
148,James Charles,James Charles,Beauty,24.2M,United States,1M,54.8K,2.2K,Beauty
149,davidguettavevo,David Guetta,Music & Dance,24M,Brazil,267.4K,8.7K,358,Music & Dance
152,ZHC,ZHC,Design/art,23.8M,United States,5.2M,195.6K,8.9K,Art/Artists
153,adityamusic,Aditya Music,Music & Dance,23.6M,India,49K,1.2K,36,Music & Dance
154,Logan Paul,Logan Paul,Video games,23.4M,United States,4.3M,76.2K,3.9K,Kids & Toys
155,Rans Entertainment,Rans Entertainment,Music & Dance,23.4M,Indonesia,755.7K,22.9K,675,Music & Dance
156,NewOnNetflix,Netflix,Movies,23.2M,United States,265.2K,5K,325,Movies
157,Chloe Ting,Chloe Ting,Fitness,23.2M,United States,375.7K,17.3K,783,Lifestyle
158,Troom Troom,Troom Troom,Toys,23M,United States,339.2K,3.7K,107,Kids & Toys
160,Raffy Tulfo in Action,Raffy Tulfo in Action,Music & Dance,23M,Philippines,399.4K,5.8K,773,Music & Dance
162,JellyYT,Jelly,Video games,22.8M,United States,260K,13.2K,450,Kids & Toys
163,ColdplayVEVO,Coldplay,Music & Dance,22.8M,United States,66.2K,6.9K,188,Music & Dance
165,Mister Max,Mister Max,DIY & Life Hacks,22.6M,Russia,988.2K,22.4K,879,Other
168,DrossRotzank,DrossRotzank,News & Politics,22.4M,Mexico,2.1M,151.6K,8.1K,Journalism
169,Sandeep Maheshwari,Sandeep Maheshwari,Daily vlogs,22.4M,India,652.6K,38.8K,2.3K,Journalism
170,ABP NEWS HINDI,ABP NEWS HINDI,News & Politics,22.3M,India,2K,25,6,Journalism
173,THECHAINSMOKERS,The Chainsmokers,Humor,22.2M,United States,62.4K,6.2K,97,Humor
174,netdmuzikk,netd müzik,Music & Dance,22M,Turkey,15.5K,355,59,Music & Dance
177,gmmgrammyofficial,GMM GRAMMY OFFICIAL,Music & Dance,21.7M,Thailand,2.4K,53,2,Music & Dance
178,Anuel AA,Anuel AA,Music & Dance,21.6M,Colombia,104.2K,7.4K,373,Music & Dance
180,Miss Katy,Miss Katy,Video games,21.4M,Russia,604.8K,11.2K,626,Kids & Toys
183,Frost Diamond,Frost Diamond,Music & Dance,21.2M,Indonesia,395.1K,21.3K,1.2K,Music & Dance
184,Tasty,Tasty,Food & Drinks,21M,United States,251.5K,7.9K,239,Food & Drinks
185,WHBBP,White Hill Music,Music & Dance,21M,India,23.2K,1.2K,89,Music & Dance
188,oRugrat,FaZe Rug,Video games,20.8M,United States,2.5M,105.9K,5.9K,Kids & Toys
189,5-Minute Crafts DIY,5-Minute Crafts DIY,Music & Dance,20.8M,India,53.4K,648,18,Music & Dance
191,CanalCanalha,CanalCanalha,Sports,20.7M,Brazil,1.1M,127.4K,2.1K,Sports
192,hamaarbhojiwood,Wave Music Bhojpuri,Music & Dance,20.6M,India,8.8K,139,30,Music & Dance
198,The Lallantop,The Lallantop,News & Politics,20.5M,India,12.9K,313,50,Journalism
199,FGTeeV,FGTeeV,Animation,20.4M,United States,2.1M,23.5K,2.1K,Movies
200,BuzzFeedVideo,BuzzFeedVideo,Daily vlogs,20.4M,United States,56K,1.4K,148,Journalism
201,Baim Paula,Baim Paula,Music & Dance,20.4M,Indonesia,1.1M,49.8K,1.9K,Music & Dance
202,SSundee,SSundee,Video games,20.4M,United States,3M,141.2K,4.6K,Kids & Toys
204,AuthenticGames,AuthenticGames,Video games,20.2M,Brazil,64.8K,6.1K,229,Kids & Toys
205,TheFineBros,REACT,Humor,20.2M,United States,89.5K,3K,382,Humor
207,VEVO,Vevo,Music & Dance,20M,United States,85.6K,804,36,Music & Dance
212,SlivkiChanel,SlivkiShow,DIY & Life Hacks,19.8M,Russia,2.8M,295K,55.3K,Other
214,LazarBeam,LazarBeam,Video games,19.8M,United States,4.2M,160K,5.9K,Kids & Toys
218,BeckyGOfficial,Becky G,Music & Dance,19.8M,United States,57.5K,5K,126,Music & Dance
220,NewAFI2013,Indosiar Visual Mandiri,Music & Dance,19.6M,Indonesia,15.7K,264,22,Music & Dance
221,rossbollinger,Pencilmation,Animation,19.6M,United States,390.9K,3.4K,96,Movies
223,PrestonPlayz,Preston,Animation,19.4M,United States,2.8M,68.6K,3.6K,Movies
224,Mnet,Mnet K-POP,Music & Dance,19.4M,United States,31.1K,2.6K,112,Music & Dance
225,CharliesVlogs,Charlie Puth,Music & Dance,19.2M,United States,464.7K,34K,802,Music & Dance
228,RotanaAudio,Rotana,Music & Dance,19.2M,Saudi Arabia,1.3M,22K,533,Music & Dance
229,Crafty Panda,Crafty Panda,Music & Dance,19.1M,India,75K,540,15,Music & Dance
230,Noor Stars,Noor Stars,Music & Dance,19.1M,Iraq,2M,161.3K,12.1K,Music & Dance
231,DLS News,DLS News,News & Politics,19M,India,74.3K,2.5K,146,Journalism
232,Troom Troom Es,Troom Troom Es,Toys,19M,Mexico,120.5K,2.7K,58,Kids & Toys
234,The ACE Family,The ACE Family,Humor,19M,United States,1.4M,73.8K,3.6K,Humor
236,gordonramsay,Gordon Ramsay,Food & Drinks,18.8M,United States,218.1K,7.2K,338,Food & Drinks
238,TelenovelaTelevisa,Tlnovelas,ASMR,18.8M,Mexico,26.8K,310,13,Other
239,Infinite,Infinite,Video games,18.8M,United States,528.7K,24.3K,1.9K,Kids & Toys
240,MrVivekBindra,Dr. Vivek Bindra: Motivational Speaker,Education,18.8M,India,290K,18.2K,222,Education
243,fatosdesconhecidos,Fatos Desconhecidos,Science & Technology,18.6M,Brazil,242.1K,23.1K,636,Science & Technology
246,OfficialClashOfClans,Clash of Clans,News & Politics,18.4M,United States,485.9K,16.1K,280,Journalism
247,JimmyKimmelLive,Jimmy Kimmel Live,Movies,18.4M,United States,202.9K,4.9K,288,Movies
248,MARVEL,Marvel Entertainment,Movies,18.4M,United States,347.2K,26.3K,1K,Movies
249,RobinHoodGamer1,Robin Hood Gamer,Animation,18.4M,Brazil,1.3M,59K,1.1K,Movies
250,Unbox Therapy,Unbox Therapy,Science & Technology,18.2M,United States,1.3M,17.7K,2K,Science & Technology
251,NBA,NBA,Sports,18.2M,United States,49.4K,1.6K,92,Sports
252,Kurzgesagt,Kurzgesagt – In a Nutshell,Education,18.2M,United States,7.7M,354.7K,15.7K,Education
255,gmapublicaffairs,GMA Public Affairs,News & Politics,18.1M,Philippines,10.6K,131,10,Journalism
261,sonotekvideo,Sonotek,Music & Dance,18M,India,34.1K,1.2K,127,Music & Dance
264,GEN HALILINTAR,GEN HALILINTAR,Music & Dance,18M,Indonesia,747.5K,39.9K,726,Music & Dance
265,INCRÍVEL,INCRÍVEL,Animation,17.8M,Brazil,32.5K,1.8K,47,Movies
267,DanielSaboya,Dan-Sa / Daniel Saboya,Music & Dance,17.8M,Brazil,33.9K,1.6K,20,Music & Dance
271,Ninja Kidz TV,Ninja Kidz TV,Video games,17.6M,United States,2.5M,22.4K,1.1K,Kids & Toys
272,Brent Rivera,Brent Rivera,Animation,17.6M,United States,3.9M,281.5K,11.5K,Movies
276,TheGrefg,TheGrefg,Animation,17.5M,Spain,1.4M,97K,1.5K,Movies
278,Matroix,Ali-A,Video games,17.5M,United States,691.2K,20.1K,847,Kids & Toys
279,HiMan,HiMan,Video games,17.5M,Russia,1.2M,102.3K,351,Kids & Toys
280,rhettandlink2,Good Mythical Morning,Food & Drinks,17.5M,United States,1.3M,40.2K,1.4K,Food & Drinks
281,CookieSwirlC,CookieSwirlC,Video games,17.5M,United States,411.8K,4.7K,842,Kids & Toys
282,ElTrollino,ElTrollino,Animation,17.5M,Mexico,3.3M,101K,2.5K,Movies
283,Naisa Alifia Yuriza (N.A.Y),Naisa Alifia Yuriza (N.A.Y),Music & Dance,17.5M,Indonesia,504.7K,19.9K,757,Music & Dance
287,MiawAug,MiawAug,Video games,17.3M,Indonesia,1.3M,67.3K,4.9K,Kids & Toys
288,rsiammusic,RsiamMusic : อาร์สยาม,Music & Dance,17.3M,Thailand,8.4K,306,10,Music & Dance
289,Emiway Bantai,Emiway Bantai,Music & Dance,17.3M,India,864.4K,106.6K,7.3K,Music & Dance
290,Netflix India,Netflix India,ASMR,17.3M,India,61.9K,2.8K,72,Other
291,farrukotv,Farruko,Music & Dance,17.3M,United States,493.2K,22.3K,807,Music & Dance
292,dj47maryn,Marmok,Video games,17.3M,Russia,3.8M,437.5K,15.1K,Kids & Toys
293,portadosfundos,Porta dos Fundos,Movies,17.3M,Brazil,639.8K,62.8K,808,Movies
295,Willyrex,Willyrex,Video games,17.1M,Mexico,147.5K,10K,96,Kids & Toys
296,SCTVIndonesia,Surya Citra Televisi,Music & Dance,17.1M,Indonesia,23.6K,433,39,Music & Dance
297,SebastianYatra,Sebastián Yatra,Music & Dance,17.1M,Colombia,1.8M,55.5K,1.2K,Music & Dance
299,ThePoznavatel,Познаватель,Toys,16.9M,Russia,3.4M,92.3K,3.2K,Kids & Toys
301,RobleisIUTU,RobleisIUTU,Animation,16.9M,Argentina,1.2M,79.3K,2.3K,Movies
308,The Royalty Family,The Royalty Family,Humor,16.7M,United States,2.8M,81.7K,10.7K,Humor
309,musicalrmastv,الـريماس - Al-Remas,Music & Dance,16.7M,Iraq,66.5K,3.3K,166,Music & Dance
311,grammygoldofficia,Grammy Gold Official,Music & Dance,16.7M,Thailand,12.1K,198,19,Music & Dance
312,IGNentertainment,IGN,Movies,16.5M,United States,65.8K,1.5K,150,Movies
314,TEDEducation,TED-Ed,Science & Technology,16.5M,United States,330.2K,15.1K,633,Science & Technology
315,JasonDerulo,Jason Derulo,Music & Dance,16.5M,United States,73.9K,5.2K,81,Music & Dance
316,Tu COSMOPOLIS,Tu COSMOPOLIS,Daily vlogs,16.5M,Mexico,211.1K,17.1K,1.2K,Journalism
317,jquintanac5,DeToxoMoroxo,Movies,16.5M,Mexico,835.1K,37.5K,10.6K,Movies
318,LankyBox,LankyBox,Video games,16.5M,United States,1.1M,15.2K,500,Kids & Toys
322,invictorgs3,invictor,Video games,16.4M,Mexico,2.9M,97.4K,2.2K,Kids & Toys
325,TheBrianMaps,TheBrianMaps,Video games,16.3M,Russia,2.6M,314.6K,12.7K,Kids & Toys
326,Rafa & Luiz,Rafa & Luiz,Video games,16.3M,Brazil,579.7K,39.2K,1.4K,Kids & Toys
328,SUPER SLICK SLIME SAM,SUPER SLICK SLIME SAM,DIY & Life Hacks,16.2M,Mexico,228.2K,7.3K,268,Other
329,Jane ASMR 제인,Jane ASMR 제인,Daily vlogs,16.1M,United States,438.7K,8.6K,498,Journalism
330,AnittaOficial,Anitta,Music & Dance,16.1M,Brazil,316.4K,12.3K,488,Music & Dance
331,jeffreestar,jeffreestar,Beauty,16.1M,United States,878.5K,36.7K,3.2K,Beauty
332,Canal IN,Canal IN,Toys,16.1M,Brazil,26.2K,1.6K,16,Kids & Toys
334,iberethenorio,Manual do Mundo,Science & Technology,16.1M,Brazil,488.8K,69.8K,740,Science & Technology
335,Antrax,Antrax,Video games,16.1M,Mexico,935.8K,88.1K,543,Kids & Toys
336,zbingzbing,zbing z.,Animation,15.9M,Thailand,657.3K,26.3K,1.1K,Movies
338,littlemixmusic,Little Mix,Music & Dance,15.9M,United States,104.2K,10K,160,Music & Dance
340,Kaykai Salaider,Kaykai Salaider,Movies,15.7M,Thailand,1.4M,104K,8.2K,Movies
342,boyceavenue,Boyce Avenue,Music & Dance,15.7M,Brazil,338.5K,8K,355,Music & Dance
343,failarmy,FailArmy,Animation,15.7M,United States,2.2M,19.9K,642,Movies
345,DopeLyrics,DopeLyrics,Music & Dance,15.7M,United States,31.7K,615,50,Music & Dance
346,DUDU e CAROL,DUDU e CAROL,Toys,15.7M,Brazil,1.4M,65.9K,142,Kids & Toys
347,queenofficial,Queen Official,Music & Dance,15.7M,United States,123.3K,4.2K,491,Music & Dance
348,movieclipsTRAILERS,Movieclips Trailers,Movies,15.7M,United States,58.2K,903,74,Movies
349,MatthewPatrick13,The Game Theorists,Science & Technology,15.7M,United States,3.1M,163.8K,8.2K,Science & Technology
351,Khan GS Research Centre,Khan GS Research Centre,Education,15.6M,India,9.1M,641.5K,44.7K,Education
353,SonyMusicSouthVEVO,SonyMusicSouthVEVO,Music & Dance,15.5M,India,110.2K,4.1K,40,Music & Dance
354,RomanAtwoodVlogs,Roman Atwood Vlogs,Humor,15.5M,United States,677.4K,33.8K,1.2K,Humor
355,marquesbrownlee,Marques Brownlee,Science & Technology,15.5M,United States,2.9M,119.2K,6.5K,Science & Technology
357,vice,VICE,News & Politics,15.5M,United States,257.5K,5.6K,767,Journalism
358,Aayu and Pihu Show,Aayu and Pihu Show,Movies,15.5M,India,4.3M,111.3K,7.7K,Movies
361,tanboy kun,tanboy kun,Music & Dance,15.4M,Indonesia,2.2M,56.8K,2K,Music & Dance
363,Triggered Insaan,Triggered Insaan,Humor,15.4M,India,6.4M,800.9K,26.5K,Humor
364,monstafluffmusicTV,7clouds,Music & Dance,15.3M,United States,185.4K,3K,140,Music & Dance
365,Dyland PROS,Dyland PROS,Music & Dance,15.3M,Indonesia,92.1K,7.7K,448,Music & Dance
366,Camila Cabello,Camila Cabello,Music & Dance,15.3M,United States,109.4K,14.2K,146,Music & Dance
367,JenniferLopez,Jennifer Lopez,Fashion,15.3M,United States,401.9K,12.1K,1.2K,Fashion
369,AdMe.ru - Сайт о творчестве,AdMe.ru - Сайт о творчестве,Animation,15.3M,Russia,51.9K,1.5K,83,Movies
372,Ivana Alawi,Ivana Alawi,Daily vlogs,15.3M,Philippines,2.7M,122.6K,11K,Journalism
375,portalfitdance,FitDance,Music & Dance,15.1M,Brazil,46.3K,1.3K,23,Music & Dance
376,Kerajinan 5-Menit,Kerajinan 5-Menit,Music & Dance,15.1M,Indonesia,20.8K,221,10,Music & Dance
377,TheRichest,TheRichest,News & Politics,15.1M,United States,17.3K,588,45,Journalism
379,popchartbusters,Pop Chartbusters,Music & Dance,15.1M,India,20.2K,366,21,Music & Dance
380,OGatoGalactico,Gato Galactico | GALÁXIA,Toys,15.1M,Brazil,79.6K,4.7K,106,Kids & Toys
381,wifistudy,wifistudy,Education,15M,India,7.4K,645,15,Education
382,ntvru,НТВ,News & Politics,15M,Russia,82.3K,901,216,Journalism
383,Dhar Mann,Dhar Mann,Health & Self Help,15M,United States,6.2M,140.9K,6.3K,Lifestyle
385,KSIOlajidebtHD,JJ Olatunji,Animation,14.9M,United States,4.8M,429.5K,9.6K,Movies
386,kwebbelkop,Kwebbelkop,Animation,14.9M,United States,218.8K,17.5K,882,Movies
387,RCTI - LAYAR DRAMA INDONESIA,RCTI - LAYAR DRAMA INDONESIA,Music & Dance,14.9M,Indonesia,26.1K,455,23,Music & Dance
390,ranziscool,Ranz Kyle,Humor,14.9M,Philippines,362.3K,15K,507,Humor
391,Makiman131,Makiman131,Video games,14.9M,Spain,393.8K,25.4K,795,Kids & Toys
392,Lachlan,Lachlan,Video games,14.9M,United States,864.6K,34.6K,935,Kids & Toys
394,IISuperwomanII,Lilly Singh,Animation,14.7M,United States,94.8K,6.6K,103,Movies
396,CanalTaBombando,LEGENDA FUNK,Music & Dance,14.7M,Brazil,9.3K,529,22,Music & Dance
397,Planeta das Gêmeas,Planeta das Gêmeas,Toys,14.7M,Brazil,531.2K,23.2K,22,Kids & Toys
401,AMARINTV : อมรินทร์ทีวี,AMARINTV : อมรินทร์ทีวี,News & Politics,14.6M,Thailand,13.1K,148,21,Journalism
404,News24page,News24,News & Politics,14.5M,India,9.5K,186,19,Journalism
405,Niana Guerrero,Niana Guerrero,Music & Dance,14.5M,Philippines,732.4K,41K,1.6K,Music & Dance
408,Sidemen,Sidemen,Video games,14.5M,United Kingdom,5.9M,276.4K,9.5K,Kids & Toys
409,zncoficial,Zé Neto e Cristiano,Music & Dance,14.5M,Brazil,5.3M,44K,643,Music & Dance
412,rkddigital,RKD Studios,Movies,14.5M,India,42.6K,870,39,Movies
413,hejproducao,Henrique e Juliano,Music & Dance,14.5M,Brazil,96.8K,4.1K,75,Music & Dance
414,MattyBRaps,MattyBRaps,Music & Dance,14.5M,United States,512.6K,8K,413,Music & Dance
415,collegehumor,CollegeHumor,Humor,14.5M,United States,194.6K,8.4K,360,Humor
417,La Rosa de Guadalupe,La Rosa de Guadalupe,Animation,14.5M,Mexico,361K,3.2K,81,Movies
419,LinusTechTips,Linus Tech Tips,Science & Technology,14.5M,United States,1.5M,63.5K,2.5K,Science & Technology
420,T3DDYgames,T3ddy,Daily vlogs,14.4M,Brazil,1.1M,140.1K,5.6K,Journalism
422,XpressTV,XpressTV,Science & Technology,14.3M,Mexico,1.5M,62.2K,764,Science & Technology
423,Harsh Beniwal,Harsh Beniwal,Movies,14.3M,India,11.6M,1.3M,55.4K,Movies
426,chadwildclay,Chad Wild Clay,Movies,14.3M,United States,2.3M,43.8K,7.4K,Movies
427,iTownGamePlay,iTownGamePlay *Terror&Diversión*,News & Politics,14.3M,Mexico,131.2K,6.2K,340,Journalism
428,MartinGarrix,Martin Garrix,Music & Dance,14.3M,United States,59.6K,1.9K,125,Music & Dance
429,Canal Nostalgia,Canal Nostalgia,Science & Technology,14.3M,Brazil,265.1K,36.8K,536,Science & Technology
431,theslowmoguys,The Slow Mo Guys,Education,14.3M,United States,1.2M,72.7K,3.2K,Education
433,mkmusicnews,MK MUSIC,Music & Dance,14.2M,Brazil,53.3K,2.8K,122,Music & Dance
434,Daftar Populer,Daftar Populer,News & Politics,14.1M,Indonesia,139.3K,2.9K,224,Journalism
435,Mobile Legends: Bang Bang Official,Mobile Legends: Bang Bang Official,Movies,14.1M,Indonesia,259.3K,2.4K,21,Movies
436,OfficialTrapCity,Trap City,Music & Dance,14.1M,United States,44.4K,1.8K,77,Music & Dance
440,camilaloures,Camila Loures,Food & Drinks,14.1M,Brazil,310.4K,28.2K,456,Food & Drinks
441,Genierock,Genierock,Music & Dance,14.1M,Thailand,16.5K,340,20,Music & Dance
443,It's Mamix,It's Mamix,DIY & Life Hacks,14.1M,Russia,2.8M,276.3K,14.9K,Other
448,Arif muhammad,Arif muhammad,Music & Dance,13.9M,Indonesia,3M,93.5K,3.2K,Music & Dance
449,AM3NlC,AM3NlC,Food & Drinks,13.9M,Brazil,215.9K,24.5K,266,Food & Drinks
450,GMMTVSPOTLIKE,GMMTV OFFICIAL​​,Movies,13.9M,Thailand,26.5K,779,29,Movies
451,NikkieTutorials,NikkieTutorials,Design/art,13.9M,United States,821.1K,55.7K,2.6K,Art/Artists
453,MRamadanOfficial,Mohamed Ramadan I محمد رمضان,Music & Dance,13.9M,Egypt,761.5K,28.2K,1.8K,Music & Dance
454,F2Freestylers,F2Freestylers - Ultimate Soccer Skills Channel,Sports,13.9M,United Kingdom,208.3K,9.4K,111,Sports
455,BollywoodClassics,Bollywood Classics,Music & Dance,13.9M,India,40.4K,329,15,Music & Dance
457,WWWengie,Wengie,DIY & Life Hacks,13.9M,United States,84.8K,5.7K,170,Other
458,thairathonline,Thairath Online,News & Politics,13.9M,Thailand,25.5K,328,33,Journalism
459,Sourav Joshi Vlogs,Sourav Joshi Vlogs,Daily vlogs,13.9M,India,6.3M,571.5K,17K,Journalism
460,TeamFilmsBhojpuri,Team Films Bhojpuri,Music & Dance,13.8M,India,8.2K,229,46,Music & Dance
461,SOMOY TV,SOMOY TV,Daily vlogs,13.8M,Bangladesh,8.6K,179,15,Journalism
464,Zach Choi ASMR,Zach Choi ASMR,Daily vlogs,13.7M,United States,765.6K,40K,1.3K,Journalism
465,MAIKI021,MAIKI021,Autos & Vehicles,13.7M,Brazil,38.5K,5.7K,177,Autos & Vehicles
467,Doc Tops,Doc Tops,News & Politics,13.7M,Mexico,1.4M,75.7K,2.2K,Journalism
468,mispastelitosyoutub,Mis Pastelitos,Food & Drinks,13.7M,Mexico,2.3M,109.6K,3.6K,Food & Drinks
470,Трум Трум,Трум Трум,Humor,13.7M,Russia,450.8K,6.1K,205,Humor
471,vetealaversha,Darkar Company Studios,Animation,13.7M,Mexico,416.1K,48.8K,678,Movies
472,ndtvindia,NDTV India,News & Politics,13.6M,India,20K,605,71,Journalism
473,dangmattsmith,Dang Matt Smith,Animation,13.5M,United States,287.9K,9.3K,642,Movies
475,zeefilmimusic,Zee Music Classic,Music & Dance,13.5M,India,27.7K,205,22,Music & Dance
477,AzzyLand,AzzyLand,Animation,13.5M,United States,198.5K,7.3K,455,Movies
478,TWICE,TWICE,Music & Dance,13.5M,Philippines,793.7K,78.1K,2.6K,Music & Dance
479,The World Adventures हिन्दी,The World Adventures हिन्दी,Daily vlogs,13.5M,India,46.7K,2.5K,60,Journalism
481,Zach King,Zach King,Humor,13.5M,United States,1.2M,82.3K,1K,Humor
482,Daily Dose Of Internet,Daily Dose Of Internet,Animals & Pets,13.5M,United States,4.5M,265.1K,8.6K,Animals & Pets
483,laharimusic,Lahari Music | T-Series,Music & Dance,13.5M,India,54.9K,2.1K,56,Music & Dance
484,TheABSCBNNews,ABS-CBN News,News & Politics,13.4M,Philippines,4.5K,47,6,Journalism
485,CNN,CNN,News & Politics,13.4M,United States,239.2K,3.1K,2.9K,Journalism
486,NOBRU,NOBRU,Video games,13.3M,Brazil,109.7K,12.2K,285,Kids & Toys
487,fcbarcelona,FC Barcelona,Sports,13.3M,India,207.5K,13.2K,356,Sports
489,crashcourse,CrashCourse,Science & Technology,13.3M,United States,47.6K,1.7K,37,Science & Technology
490,UFC,UFC - Ultimate Fighting Championship,Sports,13.3M,United States,155.2K,2.9K,347,Sports
492,pognalishow,Дима Масленников,Video games,13.3M,Russia,4.8M,436.9K,14.3K,Kids & Toys
493,TazerCraft,TazerCraft,Animation,13.3M,Brazil,352.8K,26.8K,532,Movies
496,RosannaPansino,Rosanna Pansino,Food & Drinks,13.3M,United States,206K,8.4K,102,Food & Drinks
498,Kuplinov ► Play,Kuplinov ► Play,Video games,13.3M,Russia,1.2M,67.7K,2.5K,Kids & Toys
499,EdisonPts,EdisonPts,Video games,13.3M,Russia,2M,153.8K,7.6K,Kids & Toys
500,MNCTVOfficial,MNCTV Official,Music & Dance,13.2M,Indonesia,4.1K,126,6,Music & Dance
503,Bizarrap,Bizarrap,Music & Dance,13.1M,Argentina,80.5M,5.6M,313.6K,Music & Dance
505,AtlanticVideos,Atlantic Records,Music & Dance,13.1M,United States,9.6K,325,17,Music & Dance
507,CoryxKenshin,CoryxKenshin,Video games,13.1M,United States,4.7M,338.8K,20.6K,Kids & Toys
508,theRadBrad,theRadBrad,Video games,13.1M,United States,186.4K,8.8K,613,Kids & Toys
509,mymissanand,MyMissAnand,Movies,13.1M,India,2.1M,80.9K,1.2K,Movies
511,TV Ana Emilia,TV Ana Emilia,Fashion,13.1M,Mexico,425.6K,14.1K,1.4K,Fashion
512,iloveindianmakeup,Anaysa,Humor,13.1M,India,933.6K,38K,1.4K,Humor
513,Auron,Auron,Video games,13.1M,Mexico,2.2M,137.7K,1.7K,Kids & Toys
514,Unspeakable,Unspeakable,Video games,13M,United States,1.9M,39.3K,2.2K,Kids & Toys
515,narendramodionline,NMF News,News & Politics,13M,India,6.2K,123,18,Journalism
518,djzoi0,Everson Zoio,Humor,12.9M,Brazil,631K,80.1K,2.8K,Humor
520,50CentMusic,50 Cent,Music & Dance,12.9M,United States,100.7K,5.8K,431,Music & Dance
521,News18 India,News18 India,News & Politics,12.9M,India,2.7K,51,7,Journalism
522,MattSDance,Matt Steffanina,Music & Dance,12.9M,United States,124.5K,7.8K,104,Music & Dance
523,SaturdayNightLive,Saturday Night Live,Movies,12.9M,United States,1.1M,19.2K,858,Movies
527,SrtaLynaV,Lyna,Animation,12.9M,Argentina,737.1K,37.7K,1.7K,Movies
530,ChallengeAcceptedInc,Aphmau,Animation,12.7M,United States,3.9M,84.6K,4.2K,Movies
532,Aadishakti Films,Aadishakti Films,Music & Dance,12.7M,India,39K,1.4K,152,Music & Dance
534,skillzaisherebooya,Conor Maynard,Music & Dance,12.7M,United States,305.8K,21.4K,578,Music & Dance
535,twentyonepilots,twenty one pilots,Music & Dance,12.7M,United States,1.7M,153.9K,7.2K,Music & Dance
537,ABCNews,ABC News,News & Politics,12.7M,United States,12K,191,139,Journalism
538,DALLMYD,DALLMYD,Mystery,12.7M,United States,322.7K,12.4K,735,Other
539,PozzitifonShow,Поззи,Video games,12.7M,Russia,1.4M,87.7K,4.7K,Kids & Toys
540,1032010814,TKOR,DIY & Life Hacks,12.7M,United States,107.1K,3.8K,256,Other
541,typicalgamer,Typical Gamer,Video games,12.7M,United States,804.4K,14.3K,474,Kids & Toys
542,123 GO! Spanish,123 GO! Spanish,Toys,12.7M,Mexico,888K,11.8K,235,Kids & Toys
544,Health Time,Health Time,Daily vlogs,12.6M,India,12.6K,467,16,Journalism
546,Wish 107.5,Wish 107.5,Music & Dance,12.6M,Philippines,146.8K,4.4K,372,Music & Dance
547,RedeTVhdBrasil,RedeTV,News & Politics,12.6M,Brazil,2.7K,74,3,Journalism
548,NishaMadhulika,Nisha Madhulika,Food & Drinks,12.5M,India,220.6K,5.2K,934,Food & Drinks
552,Knowledge Tv हिन्दी,Knowledge Tv हिन्दी,Education,12.5M,India,158.7K,9.4K,468,Education
553,JDCav24,ATHLEAN-X™,Fitness,12.5M,United States,395.6K,19K,693,Lifestyle
556,React,People Vs Food,Food & Drinks,12.5M,United States,464.2K,18K,1K,Food & Drinks
558,PrestonPlayz,PrestonPlayz,Video games,12.5M,United States,2.1M,48.8K,4K,Kids & Toys
559,BUDI01 GAMING,BUDI01 GAMING,Video games,12.5M,Indonesia,1.1M,91.5K,7.1K,Kids & Toys
560,MstrJames,Hacksmith Industries,DIY & Life Hacks,12.5M,United States,896.7K,46.3K,1.8K,Other
562,JesseAndMike,JesseAndMike,Humor,12.4M,United States,523.8K,6.6K,152,Humor
564,Hongyu ASMR 홍유,Hongyu ASMR 홍유,ASMR,12.3M,United States,1.3M,15.6K,646,Other
566,htpunjabi,Lokdhun Punjabi,Music & Dance,12.3M,India,16.2K,346,8,Music & Dance
567,Piuzinho,Piuzinho,Video games,12.3M,Brazil,233.3K,45.8K,625,Kids & Toys
569,Meghan Trainor,Meghan Trainor,Music & Dance,12.3M,United States,11.4K,564,35,Music & Dance
570,Juliana Baltar,Juliana Baltar,Toys,12.3M,Brazil,286.6K,18.6K,335,Kids & Toys
573,alanalan9635,Stokes Twins,Humor,12.3M,United States,9.9M,281.5K,19.4K,Humor
575,AdexeOficial,Adexe & Nau,Music & Dance,12.3M,Mexico,38.3K,4.4K,367,Music & Dance
576,gymvirtual,gymvirtual,Music & Dance,12.3M,Mexico,76.4K,3.5K,89,Music & Dance
577,einerdtv,Ei Nerd,Movies,12.3M,Brazil,265.4K,42.3K,1.2K,Movies
578,Alex Gonzaga Official,Alex Gonzaga Official,Music & Dance,12.3M,Philippines,2.9M,116.6K,2.9K,Music & Dance
579,Gibby :),Gibby :),Daily vlogs,12.3M,Mexico,582.6K,28.4K,1.8K,Journalism
582,Troom Troom PT,Troom Troom PT,Toys,12.3M,Brazil,201.4K,4.7K,58,Kids & Toys
584,jazzghost1,Jazzghost,Animation,12.3M,Brazil,758.7K,55.9K,2K,Movies
586,Bela Bagunça,Bela Bagunça,Toys,12.3M,Brazil,74.8K,4.4K,148,Kids & Toys
587,tseriesregional,T-Series Regional,Music & Dance,12.1M,India,6.9K,148,18,Music & Dance
588,Brawl Stars,Brawl Stars,Animation,12.1M,United States,6.4M,181.2K,6.9K,Movies
589,Crescendo com Luluca,Crescendo com Luluca,Toys,12.1M,Brazil,1.3M,52.8K,4.4K,Kids & Toys
590,PowerfulJRE,PowerfulJRE,Daily vlogs,12.1M,United States,498.9K,14.7K,1.8K,Journalism
591,bbcnews,BBC News,News & Politics,12.1M,United Kingdom,236.2K,3.3K,1.8K,Journalism
593,NORMAN FAIT DES VIDÉOS,NORMAN FAIT DES VIDÉOS,Animation,12.1M,France,1.8M,168.2K,6.9K,Movies
595,awakeningrecords,Awakening Music,Music & Dance,12.1M,Indonesia,16.8K,1.2K,60,Music & Dance
602,Zeinab Harake,Zeinab Harake,Daily vlogs,11.9M,Philippines,1.3M,71.2K,1.8K,Journalism
607,Migosatl,Migos ATL,Music & Dance,11.9M,United States,3.3M,131K,5.3K,Music & Dance
608,TheDaniRep,DaniRep | +6 Vídeos Diarios De GTA 5 Online!,Animation,11.9M,Mexico,349.9K,19.5K,346,Movies
609,colinfurze,colinfurze,DIY & Life Hacks,11.9M,United States,1.1M,36.8K,1.1K,Other
610,Planet Earth INDIA,Planet Earth INDIA,Daily vlogs,11.9M,India,459.8K,18.1K,460,Journalism
614,Dear Sir,Dear Sir,Education,11.9M,India,261.4K,15.6K,1.2K,Education
615,officialjassrecords,Jass Records,Music & Dance,11.8M,India,223.8K,3.5K,410,Music & Dance
618,ГЛЕНТ,ГЛЕНТ,Video games,11.8M,Russia,3.3M,281.7K,9.5K,Kids & Toys
619,Study IQ education,Study IQ education,Education,11.7M,India,11.4K,519,12,Education
622,FrontaL Gaming,FrontaL Gaming,Animation,11.7M,Indonesia,490.8K,35.5K,1.8K,Movies
623,Blockbuster Movies,Blockbuster Movies,Daily vlogs,11.7M,India,118.5K,1.1K,23,Journalism
625,AvrilLavigne,Avril Lavigne,Music & Dance,11.7M,United States,2.8M,130.4K,6.5K,Music & Dance
626,Dani Russo Tv,Dani Russo Tv,Music & Dance,11.7M,Brazil,10.9K,1.4K,121,Music & Dance
628,MORGENSHTERN,MORGENSHTERN,Humor,11.7M,Russia,11M,789.9K,54.8K,Humor
629,rebeccazamolo1,Rebecca Zamolo,Video games,11.7M,United States,2.8M,70.6K,6.9K,Kids & Toys
631,TommyInnit,TommyInnit,Animation,11.7M,United States,3.4M,294.6K,14.4K,Movies
633,TheInfographicsShow,The Infographics Show,Education,11.7M,United States,348.8K,10.3K,764,Education
634,1veritasium,Veritasium,Science & Technology,11.7M,United States,3.9M,169.3K,7.8K,Science & Technology
636,hamaarbhojpuri,T-Series Hamaar Bhojpuri,Music & Dance,11.7M,India,13.5K,177,17,Music & Dance
638,YOLO AVENTURAS,YOLO AVENTURAS,Daily vlogs,11.6M,Colombia,838.4K,74.9K,7K,Journalism
639,TheDodoSite,The Dodo,Animals & Pets,11.6M,United States,608.9K,22.9K,812,Animals & Pets
640,Panda,Panda,Animation,11.6M,India,1.1M,103.7K,1.9K,Movies
641,Troom Troom Indonesia,Troom Troom Indonesia,Toys,11.6M,Indonesia,256.7K,2.5K,96,Kids & Toys
642,RaptorGamer,RaptorGamer,Video games,11.5M,Mexico,741.4K,46.5K,1.5K,Kids & Toys
643,CrazyRussianHacker,CrazyRussianHacker,DIY & Life Hacks,11.5M,United States,75.1K,2.3K,139,Other
645,Codiscos,Codiscos,Music & Dance,11.5M,Colombia,9.4K,195,7,Music & Dance
647,LIV Crime,LIV Crime,Daily vlogs,11.5M,India,271.6K,2.6K,72,Journalism
648,hoiitsroi,Wassabi,Humor,11.5M,United States,692.4K,47.6K,4.8K,Humor
650,thinkmusicindia,Think Music India,Music & Dance,11.5M,India,75.4K,3.2K,106,Music & Dance
652,BanderitaX,BanderitaX,Animation,11.5M,Saudi Arabia,1.4M,101.2K,3.8K,Movies
653,Americanvogue,Vogue,Fashion,11.5M,United States,324.2K,13.3K,412,Fashion
654,luansantanaoficial,Luan Santana,Music & Dance,11.5M,Brazil,3.4M,54.9K,4.7K,Music & Dance
655,FIFATV,FIFA,Sports,11.5M,United States,63.4K,1.9K,152,Sports
656,Davie504,Davie504,Music & Dance,11.5M,United States,2M,194.4K,1.4K,Music & Dance
657,Mor Haryanvi,Mor Haryanvi,Music & Dance,11.5M,India,3.3M,49K,6.3K,Music & Dance
658,ExpCaseros,ExpCaseros,DIY & Life Hacks,11.5M,Spain,54.1K,2.3K,98,Other
659,TsMadaan,TsMadaan,Education,11.5M,India,64.1K,1.5K,102,Education
663,ndtv,NDTV,News & Politics,11.4M,India,4.9K,84,19,Journalism
665,Coke Studio,Coke Studio,Music & Dance,11.3M,Pakistan,185.3K,5.4K,208,Music & Dance
666,DeGoBooM,DeGoBooM,Video games,11.3M,Mexico,426K,16.3K,263,Kids & Toys
667,htbhakti,Sonotek Bhakti,Music & Dance,11.3M,India,101.8K,149,55,Music & Dance
668,MrTimbaVk,Timba Vk,Video games,11.3M,Mexico,1.5M,63.8K,1.6K,Kids & Toys
669,Yudist Ardhana,Yudist Ardhana,Video games,11.3M,Indonesia,330.4K,11.2K,451,Kids & Toys
670,elrubius,Rubius Z,Video games,11.3M,Argentina,2.3M,194.6K,2.2K,Kids & Toys
671,Trakin Tech,Trakin Tech,News & Politics,11.3M,India,283.1K,21.9K,1.1K,Journalism
672,FelipeViktor,LipaoGamer,Animation,11.3M,Brazil,164.5K,12.4K,168,Movies
673,CaptainSparklez,CaptainSparklez,Video games,11.3M,United States,111.2K,8K,436,Kids & Toys
676,eltreceok,El Trece,News & Politics,11.3M,Argentina,3.6K,40,7,Journalism
678,MTV2,Wild 'N Out,Music & Dance,11.3M,United States,221K,4.7K,180,Music & Dance
679,DANIEL EL TRAVIESO VIDEOS,DANIEL EL TRAVIESO VIDEOS,Animation,11.3M,Colombia,959.7K,32.2K,1.2K,Movies
680,UnspeakableGaming,UnspeakableGaming,Video games,11.3M,United States,857.5K,16.5K,783,Kids & Toys
682,lokdhuntv,Wave Music Bhakti,Music & Dance,11.3M,India,7K,106,16,Music & Dance
683,gmanews,GMA News,News & Politics,11.3M,Philippines,4.9K,50,12,Journalism
684,Sony Music South,Sony Music South,Music & Dance,11.3M,India,265.3K,5.5K,135,Music & Dance
685,VyQwaint,Vy Qwaint,Video games,11.2M,United States,2.2M,43.2K,7K,Kids & Toys
687,KompasTVNews,KOMPASTV,News & Politics,11.2M,Indonesia,5.2K,37,22,Journalism
689,Hero Movies 2022,Hero Movies 2022,Daily vlogs,11.1M,India,177.7K,1.2K,22,Journalism
692,123 GO!,123 GO!,Humor,11.1M,United States,656K,5.9K,183,Humor
693,TastyCompot,Compot,Video games,11.1M,Russia,1.7M,74.4K,2.9K,Kids & Toys
695,epicfortnite,Fortnite,Video games,11.1M,United States,321.3K,10.3K,433,Kids & Toys
696,Magic Five,Magic Five,Video games,11.1M,Russia,4M,230.2K,17.1K,Kids & Toys
699,FirstWeFeast,First We Feast,Food & Drinks,11.1M,United States,308.2K,14.1K,689,Food & Drinks
700,realannoyingorange,Annoying Orange,Animation,11.1M,United States,121.5K,2.8K,361,Movies
701,ElRinconDeGiorgio,El Rincón De Giorgio,Video games,11.1M,Spain,1.8M,170.4K,3.1K,Kids & Toys
702,ExplosmEntertainment,ExplosmEntertainment,Movies,11.1M,United States,711.2K,45.2K,2.2K,Movies
705,yogawithadriene,Yoga With Adriene,Fitness,11.1M,United States,952K,19.7K,702,Lifestyle
706,Mo Vlogs,Mo Vlogs,Humor,11.1M,India,401.5K,24.2K,909,Humor
707,Star Casablanca | نجوم الدار البيضاء,Star Casablanca | نجوم الدار البيضاء,Music & Dance,11.1M,Iraq,46.5K,2.2K,164,Music & Dance
708,BBCEarth,BBC Earth,Animals & Pets,11.1M,United States,87.7K,2.5K,192,Animals & Pets
710,Free Fire India Official,Free Fire India Official,Animation,11.1M,India,177.7K,15.6K,821,Movies
711,YMWayneCarter,Lil Wayne,Music & Dance,11.1M,United States,2M,100.1K,4.8K,Music & Dance
713,coisadenerd,Coisa de Nerd,Design/art,11.1M,Brazil,1.1M,126.1K,3.7K,Art/Artists
715,Alejo Igoa,Alejo Igoa,DIY & Life Hacks,11M,Argentina,4.1M,142.2K,4K,Other
716,Simone e Simaria,Simone e Simaria,Music & Dance,10.9M,Brazil,2.4M,57.2K,1.7K,Music & Dance
717,YoungBoy Never Broke Again,YoungBoy Never Broke Again,Music & Dance,10.9M,United States,7.6M,274.7K,23.2K,Music & Dance
718,TheViralFeverVideos,The Viral Fever,Movies,10.9M,India,1.9M,89.4K,3K,Movies
719,hawkrecord,Single Track Studio,Music & Dance,10.9M,India,989.2K,29.8K,439,Music & Dance
721,mirandasings08,Miranda Sings,Humor,10.9M,United States,153.9K,10.3K,1.1K,Humor
722,watchcut,Cut,Humor,10.9M,United States,409.6K,16.9K,762,Humor
727,Луномосик,Луномосик,Video games,10.9M,Russia,2.5M,83.9K,2.9K,Kids & Toys
730,TygaTygaTV,Tyga,Music & Dance,10.9M,United States,45.6K,3.1K,83,Music & Dance
731,comedycentral,Comedy Central,Humor,10.9M,United States,42.4K,924,50,Humor
732,DemolitionRanch,DemolitionRanch,Video games,10.9M,United States,1.6M,75.4K,5.4K,Kids & Toys
733,RapGeniusVideo,Genius,Music & Dance,10.9M,United States,52.1K,2.2K,144,Music & Dance
735,E-MasterSensei,E-MasterSensei,Animation,10.9M,Mexico,1.5M,103.2K,1.3K,Movies
738,BakLol Video,BakLol Video,Movies,10.9M,India,1.4M,33.4K,1.8K,Movies
739,HellomaphieMX,HellomaphieMX,DIY & Life Hacks,10.9M,Mexico,654.4K,76K,284,Other
741,jpgameplayfull,JP Plays,Video games,10.9M,Brazil,112.7K,6K,207,Kids & Toys
742,Dan Rhodes,Dan Rhodes,Animation,10.8M,India,334.1K,29.6K,211,Movies
743,geonews,Geo News,News & Politics,10.8M,Pakistan,3.8K,53,5,Journalism
747,Virgínia Fonseca,Virgínia Fonseca,Daily vlogs,10.7M,Brazil,922.6K,78.6K,1.4K,Journalism
749,FilmTheorists,The Film Theorists,Movies,10.7M,United States,2.2M,110.3K,5.5K,Movies
751,GamesEduUu,Games EduUu,Movies,10.7M,Brazil,1.5M,218.1K,7.7K,Movies
757,ComedyShortsGamer,Deji,Animation,10.7M,United Kingdom,1.5M,50.7K,3.2K,Movies
758,HikakinTV,HikakinTV,Music & Dance,10.7M,Japan,1.2M,42.6K,1.8K,Music & Dance
760,GoProCamera,GoPro,Sports,10.7M,United States,55.3K,2.1K,59,Sports
761,Slogomanify,Slogo,Video games,10.7M,United States,387.1K,17.8K,424,Kids & Toys
762,tomiii 11,tomiii 11,Daily vlogs,10.7M,Mexico,78.5K,9.7K,445,Journalism
763,Narendra Modi,Narendra Modi,Science & Technology,10.7M,India,31.5K,1.8K,133,Science & Technology
764,Dobre Brothers,Dobre Brothers,Humor,10.7M,United States,284.4K,10.2K,381,Humor
767,Experienced Mojaraba TV,Experienced Mojaraba TV,Health & Self Help,10.7M,United States,190.7K,5.2K,128,Lifestyle
770,Jessica Jane,Jessica Jane,Food & Drinks,10.5M,Indonesia,826.4K,46.2K,1.1K,Food & Drinks
772,stampylonghead,stampylonghead,Video games,10.5M,United States,155.9K,8.2K,759,Kids & Toys
773,Flamingo,Flamingo,Animation,10.5M,United States,2.1M,68.3K,7.1K,Movies
774,Golemcito Games,Golemcito Games,Video games,10.5M,Peru,2.8M,290K,6.4K,Kids & Toys
776,Vox,Vox,News & Politics,10.5M,United States,2.3M,69.3K,3.6K,Journalism
778,francinyehlke,Franciny Ehlke,Fashion,10.5M,Brazil,197.2K,19.2K,629,Fashion
779,BuzzFeedYellow,As/Is,Fashion,10.5M,United States,27.1K,1.1K,12,Fashion
781,ChillStepNation,Chill Nation,Music & Dance,10.5M,United States,53.7K,1.1K,46,Music & Dance
782,Acenix,Acenix,Video games,10.5M,Mexico,2.4M,111K,2.2K,Kids & Toys
785,SaraBeautyCorner,"SaraBeautyCorner - DIY, Comedy, Makeup, Nail Art",DIY & Life Hacks,10.5M,United States,133.3K,7.6K,722,Other
786,WarnerBrosPictures,Warner Bros. Pictures,Movies,10.5M,United States,424.8K,17.7K,861,Movies
788,redbull,Red Bull,Sports,10.5M,United States,292.5K,5.2K,246,Sports
790,CJENMMUSIC,Stone Music Entertainment,Music & Dance,10.5M,United States,8.4K,719,34,Music & Dance
792,brancoala,Brancoala,Toys,10.5M,Brazil,398.2K,8.2K,202,Kids & Toys
795,Sidhu Moose Wala,Sidhu Moose Wala,Music & Dance,10.4M,India,3.9M,336K,59K,Music & Dance
796,AlArabiya,AlArabiya العربية,News & Politics,10.4M,Morocco,6.3K,92,22,Journalism
798,MeKcanal,Matheus e Kauan,Music & Dance,10.3M,Brazil,6.2K,663,11,Music & Dance
801,Jamuna TV,Jamuna TV,News & Politics,10.3M,Bangladesh,60.1K,1.5K,96,Journalism
802,Cris Devil Gamer,Cris Devil Gamer,Music & Dance,10.3M,United States,460.5K,19.9K,669,Music & Dance
803,prantoniojunior,Pastor Antônio Júnior,Music & Dance,10.3M,Brazil,341K,79.9K,8.8K,Music & Dance
804,Pari's Lifestyle,Pari's Lifestyle,Daily vlogs,10.3M,India,545.6K,12.1K,113,Journalism
806,HISHEdotcom,How It Should Have Ended,Movies,10.3M,United States,903.9K,33.9K,1.3K,Movies
807,penguinz0,penguinz0,Animation,10.3M,United States,1.4M,49.3K,2.6K,Movies
808,destinws2,SmarterEveryDay,Science & Technology,10.3M,United States,1.9M,72.2K,4.7K,Science & Technology
811,cbstvdinsideedition,Inside Edition,News & Politics,10.3M,United States,213.1K,5.5K,684,Journalism
812,Oum Walid,Oum Walid,Education,10.3M,Algeria,527.8K,29.4K,1.6K,Education
813,Lofi Girl,Lofi Girl,Music & Dance,10.3M,United States,96.9K,3.8K,179,Music & Dance
816,Mrwhosetheboss,Mrwhosetheboss,Science & Technology,10.3M,United States,2.7M,152.9K,10.1K,Science & Technology
817,TikTak Draw,TikTak Draw,Science & Technology,10.3M,Mexico,120.9K,7.7K,345,Science & Technology
818,sagahits,SagaHits,Music & Dance,10.3M,India,45.3K,1.2K,51,Music & Dance
819,Sab kuchh sikho jano,Sab kuchh sikho jano,News & Politics,10.2M,India,28.8K,1.5K,61,Journalism
822,Wylsacom,Wylsacom,News & Politics,10.2M,Russia,946.9K,38.8K,6.9K,Journalism
824,aljazeerachannel,AlJazeera Channel قناة الجزيرة,News & Politics,10.1M,Morocco,36.7K,485,89,Journalism
825,cleanbandit,Clean Bandit,Music & Dance,10.1M,United States,64.8K,2.1K,100,Music & Dance
826,JessicaJulioeBaby,Laurinha e Helena - Clubinho da Laura,Toys,10.1M,Brazil,246.1K,5.7K,176,Kids & Toys
827,Rawan and Rayan,Rawan and Rayan,Daily vlogs,10.1M,Algeria,1M,61.5K,4.4K,Journalism
829,TV9 Bharatvarsh,TV9 Bharatvarsh,News & Politics,10.1M,India,27.9K,484,19,Journalism
830,AsapSCIENCE,AsapSCIENCE,Science & Technology,10.1M,United States,772K,55.8K,1.8K,Science & Technology
832,DalasReview,Dalas Review,Science & Technology,10.1M,Mexico,684.7K,82.1K,9.7K,Science & Technology
835,BE AMAZED,BE AMAZED,Education,10.1M,United States,577K,14.1K,762,Education
837,0214mex,はじめしゃちょー（hajime）,Music & Dance,10.1M,Japan,1.2M,34.2K,1.3K,Music & Dance
842,TomorrowlandChannel,Tomorrowland,Music & Dance,10.1M,Brazil,19.4K,914,50,Music & Dance
843,VitalyzdTv,VitalyzdTv,Humor,10.1M,United States,67.9K,1.2K,236,Humor
844,вДудь,вДудь,News & Politics,10.1M,Russia,16.8M,615.5K,89.4K,Journalism
845,atv,atv,Animation,10.1M,Turkey,41.2K,420,25,Movies
848,MTV,MTV,Music & Dance,10.1M,United States,6.7K,343,23,Music & Dance
850,ctctv,СТС,Video games,10.1M,Russia,19K,168,13,Kids & Toys
853,Hindi Countdown,Hindi Countdown,Education,10.1M,India,3.6M,89.6K,3K,Education
855,Lorrayne Oliveira,Lorrayne Oliveira,Toys,10.1M,Brazil,281.5K,17.5K,502,Kids & Toys
858,RDCGujarati,RDC Gujarati,Music & Dance,10M,India,26.1K,808,26,Music & Dance
860,Juice WRLD,Juice WRLD,Music & Dance,10M,United States,7.6M,308.3K,19.4K,Music & Dance
861,jordanmatter,Jordan Matter,Music & Dance,10M,United States,4.9M,137K,12.5K,Music & Dance
862,whoisjimmy,How Ridiculous,Sports,9.9M,United States,25.5M,750.3K,5.2K,Sports
863,BestCodComedy,BCC Gaming,Video games,9.9M,United States,2.3K,75,8,Kids & Toys
865,makebymarimaria,Mari Maria,Fashion,9.9M,Brazil,132.1K,13.8K,436,Fashion
869,Joe HaTTab,Joe HaTTab,Travel,9.9M,Saudi Arabia,3.5M,233.2K,15.9K,Travel
872,MSA previously My Story Animated,MSA previously My Story Animated,Animation,9.9M,United States,5.4M,154K,4.8K,Movies
875,Will Smith,Will Smith,Movies,9.9M,United States,332.2K,10.5K,5.5K,Movies
876,Heroine Movies 2022,Heroine Movies 2022,Daily vlogs,9.9M,India,151.9K,1.1K,22,Journalism
878,shrutiarjunanand,Shruti Arjun Anand,Movies,9.8M,India,1.5M,47.1K,1.5K,Movies
884,panicopgm,Programa Pânico Lab,Toys,9.8M,Brazil,22.9K,1.1K,27,Kids & Toys
886,htv2channel,Vie Channel - HTV2,Music & Dance,9.8M,United States,8.5K,114,7,Music & Dance
887,KiKiDo,KiKiDo,Video games,9.8M,Russia,1.7M,44K,1.5K,Kids & Toys
888,MBCkpop,MBCkpop,Music & Dance,9.8M,Philippines,19K,925,87,Music & Dance
889,Receitas de Pai,Receitas de Pai,Food & Drinks,9.8M,Brazil,99K,13K,336,Food & Drinks
890,TheSyndicateProject,Syndicate,Video games,9.8M,United States,157.7K,4.9K,1.3K,Kids & Toys
891,Family Box,Family Box,Video games,9.8M,Russia,510.7K,9.7K,483,Kids & Toys
892,Sơn Tùng M-TP Official,Sơn Tùng M-TP Official,Music & Dance,9.8M,United States,61.2K,4.6K,233,Music & Dance
895,OneRepublic,OneRepublic,Music & Dance,9.7M,United States,9.9K,749,21,Music & Dance
896,BBCArabicNews,BBC News عربي,News & Politics,9.7M,Egypt,38.5K,736,145,Journalism
897,The Daily Show with Trevor Noah,The Daily Show with Trevor Noah,News & Politics,9.7M,United States,497.4K,10.2K,1.1K,Journalism
898,Islam Populer,Islam Populer,Education,9.7M,Indonesia,82.3K,2.1K,164,Education
899,Viki Show,Viki Show,Humor,9.7M,Russia,2.8M,109.6K,3.1K,Humor
900,Raditya Dika,Raditya Dika,Food & Drinks,9.7M,Indonesia,179.2K,7.8K,299,Food & Drinks
904,MrGustavoParodias,Gustavo Paródias,Humor,9.7M,Brazil,214.5K,22K,367,Humor
907,singkingkaraoke,Sing King,Music & Dance,9.7M,United States,10.8K,157,17,Music & Dance
908,EugenBro,EugenBro,Video games,9.7M,Russia,724.3K,36.5K,2.7K,Kids & Toys
912,ThePersica,Orkun Işıtmak,Video games,9.6M,Turkey,1.7M,75.5K,2.1K,Kids & Toys
914,Prince Royce,Prince Royce,Music & Dance,9.6M,United States,7M,160.8K,3.6K,Music & Dance
918,mainaCassette,Haryanvi Maina,Music & Dance,9.6M,India,6.3K,55,4,Music & Dance
919,mamilosmolengas,Mussoumano,Music & Dance,9.6M,Brazil,860.5K,88.2K,3.6K,Music & Dance
921,Sonotek Haryanvi,Sonotek Haryanvi,Music & Dance,9.6M,India,11.3K,192,21,Music & Dance
924,Bispo Bruno Leonardo,Bispo Bruno Leonardo,Music & Dance,9.6M,Brazil,577.9K,208.7K,139.8K,Music & Dance
925,bgfilms,Babish Culinary Universe,Food & Drinks,9.6M,United States,817.9K,34.4K,1.2K,Food & Drinks
928,ZarcortGame,ZarcortGame,Music & Dance,9.5M,Mexico,111K,15.3K,538,Music & Dance
929,DELRECORDS,DEL Records,Music & Dance,9.5M,Mexico,289K,12.8K,200,Music & Dance
930,ehbeefamily,The Bee Family,Humor,9.5M,United States,58K,2.6K,170,Humor
932,Ben Azelart,Ben Azelart,Video games,9.5M,United States,2.3M,89.3K,31.1K,Kids & Toys
934,Talent Recap,Talent Recap,Music & Dance,9.5M,United States,33.5K,328,29,Music & Dance
936,Garena Free Fire Brasil,Garena Free Fire Brasil,Video games,9.5M,Brazil,200.9K,3.1K,302,Kids & Toys
937,InquisitorMaster,InquisitorMaster,Animation,9.5M,United States,544.3K,20.5K,1.3K,Movies
938,Niki and Gabi,Niki and Gabi,Fashion,9.5M,United States,485.5K,25.2K,531,Fashion
940,TopMovieClips,TopMovieClips,Movies,9.5M,United States,268.3K,5.4K,190,Movies
941,timesmusicindia,Times Music,Music & Dance,9.5M,India,456.1K,10.3K,178,Music & Dance
942,DaBaby,DaBaby,Music & Dance,9.5M,United States,976.4K,36.4K,1.3K,Music & Dance
945,BETO GAMER,BETO GAMER,Animation,9.5M,Brazil,448.9K,28.1K,372,Movies
946,MrStiven Tc,MrStiven Tc,Video games,9.5M,Colombia,671.7K,66.9K,352,Kids & Toys
947,NetflixBRA,Netflix Brasil,Humor,9.4M,Brazil,23.3K,1.6K,90,Humor
948,JoeyGraceffa,Joey Graceffa,Animals & Pets,9.4M,United States,317.9K,23.3K,2.9K,Animals & Pets
952,Grandpa Kitchen,Grandpa Kitchen,Food & Drinks,9.4M,United States,162.7K,8.6K,318,Food & Drinks
953,MrMuselk,Muselk,Video games,9.4M,United States,465.5K,19.6K,636,Kids & Toys
957,N1Noobtubers,웃웃TwinsFromRussia,Daily vlogs,9.4M,India,55.6K,3.6K,19,Journalism
958,bhaktisongs,Shemaroo Bhakti,Music & Dance,9.4M,India,2.8K,45,6,Music & Dance
959,The Voice Global,The Voice Global,Music & Dance,9.4M,United States,320.8K,4.1K,87,Music & Dance
960,POPSVIETNAM,POPS MUSIC,Music & Dance,9.4M,United States,7.7K,217,4,Music & Dance
961,CRACKS,CRACKS,Video games,9.4M,Colombia,21.3K,2K,139,Kids & Toys
965,efdewe,efdewe,Music & Dance,9.3M,Indonesia,195K,11.2K,670,Music & Dance
968,sonotektv,Sonotek Music,Music & Dance,9.3M,India,1.6M,34.5K,1K,Music & Dance
970,YFrostA,FROST,Video games,9.3M,Russia,560.5K,48.5K,1.8K,Kids & Toys
972,RSVDO,rsfriends,Music & Dance,9.3M,Thailand,4.4K,118,12,Music & Dance
974,LetDa Hyper,LetDa Hyper,Music & Dance,9.3M,Indonesia,95K,5.2K,332,Music & Dance
975,brunoberti10,Irmãos Berti,Toys,9.3M,Brazil,116.3K,7K,194,Kids & Toys
976,Karina Garcia,Karina Garcia,DIY & Life Hacks,9.3M,United States,220.8K,9.2K,301,Other
979,PlaticaPolinesa,PlaticaPolinesia,Music & Dance,9.3M,Mexico,38.5K,3.9K,370,Music & Dance
981,FoxNewsChannel,Fox News,News & Politics,9.3M,United States,207.1K,5.1K,1.8K,Journalism
982,RoosterTeeth,Rooster Teeth,Movies,9.3M,United States,40.8K,1.3K,136,Movies
986,Soothing Relaxation,Soothing Relaxation,Music & Dance,9.2M,United States,112.3K,3.6K,258,Music & Dance
987,NFL,NFL,Sports,9.2M,United States,107.3K,1.8K,206,Sports
990,Troom Troom SELECT,Troom Troom SELECT,Movies,9.2M,United States,342.7K,4K,93,Movies
991,chetakvideo,Chetak,Music & Dance,9.2M,India,15.6K,308,10,Music & Dance
992,Denis,Denis,Video games,9.2M,United States,194.2K,9.1K,461,Kids & Toys
995,FutParódias,FutParódias,Music & Dance,9.2M,Brazil,1.4M,110.1K,2.5K,Music & Dance
996,EL GATO,EL GATO,Toys,9.2M,Brazil,243.8K,30.7K,636,Kids & Toys
997,CinemaSins,CinemaSins,Movies,9.2M,United States,296K,10.2K,874,Movies
998,CricketICC,ICC,Sports,9.2M,India,15.2K,854,58,Sports
999,BRKsEDU,BRKsEDU,Animation,9.2M,Brazil,112.3K,9.8K,246,Movies
