Influencer_insta_name,category_1,followers,audience_country,"authentic_engagement
","engagement_avg
"
433,Sports,48500000,Spain,383100,637000
__youngbae__,Celebrity/ Entertainment,12700000,Indonesia,478000,542300
_agentgirl_,Celebrity/ Entertainment,18800000,Russia,310800,377900
_imyour_joy,Travel/ Lifestyle,13500000,Indonesia,1100000,1400000
_rl9,Sports,25000000,Poland,588600,749000
_seorina,Travel/ Lifestyle,3000000,South Korea,803900,997800
21savage,Celebrity/ Entertainment,13200000,United States,263500,462000
333cyj333,Celebrity/ Entertainment,6500000,Thailand,359300,427700
3gerardpique,Sports,19800000,Spain,446100,658800
50cent,Celebrity/ Entertainment,27900000,United States,177500,283200
9gag,Travel/ Lifestyle,58300000,Indonesia,214700,276900
abdevilliers17,Sports,17200000,India,534000,615900
aboflah,Travel/ Lifestyle,7200000,Iraq,793400,949400
achrafhakimi,Sports,8800000,Morocco,520000,764500
actorleeminho,Celebrity/ Entertainment,28900000,Indonesia,2800000,3700000
acunilicali,Celebrity/ Entertainment,13600000,Turkey,233800,286300
adamsandler,Celebrity/ Entertainment,12700000,United States,395900,503900
addisonraee,Fashion/ Beauty,40500000,United States,1100000,1600000
adele,Celebrity/ Entertainment,49700000,United States,2600000,3600000
adidasoriginals,Fashion/ Beauty,34200000,United States,52400,71800
aishwaryaraibachchan_arb,Celebrity/ Entertainment,10000000,India,247600,316500
aislinnderbez,Celebrity/ Entertainment,12000000,Mexico,235700,295400
akshaykumar,Celebrity/ Entertainment,61100000,India,815300,971000
alejandrospeitzer,Travel/ Lifestyle,5100000,Mexico,313300,488600
aleoliveiracm,Travel/ Lifestyle,8300000,Brazil,235800,598400
alexandradaddario,Celebrity/ Entertainment,22400000,India,487900,596600
alexis_officia1,Sports,13400000,Chile,185200,304800
alexisren,Travel/ Lifestyle,15800000,United States,102000,158100
alfinetei,Travel/ Lifestyle,21100000,Brazil,99500,223600
aliaabhatt,Celebrity/ Entertainment,61800000,India,1200000,1500000
alidaei,Sports,8000000,Iran,555800,937000
aliiiiiiiikarimi8,Sports,9100000,Iran,328700,495100
alishalehmann7,Sports,6800000,Brazil,373800,705300
alluarjunonline,Celebrity/ Entertainment,17600000,India,1600000,2000000
alok,Celebrity/ Entertainment,27000000,Brazil,249600,319900
alvaromorata,Sports,16200000,Italy,113100,175200
alvaromorte,Celebrity/ Entertainment,12400000,India,244500,334700
alvxaro,Travel/ Lifestyle,9200000,Brazil,169600,424700
alwaysramcharan,Travel/ Lifestyle,5600000,India,596800,668300
amadorat,Fashion/ Beauty,8100000,Mexico,505000,564400
amandacerny,Travel/ Lifestyle,24100000,India,112900,180600
amandamanopo,Fashion/ Beauty,15200000,Indonesia,189600,250500
amauryguichon,Food,6700000,United States,357300,435700
amitabhbachchan,Celebrity/ Entertainment,30000000,India,88500,103600
amybethmcnulty,Travel/ Lifestyle,6300000,Brazil,561400,771300
ana_d_armas,Celebrity/ Entertainment,6100000,United States,543400,735300
ananyapanday,Celebrity/ Entertainment,21900000,India,318200,371800
anasmarwah,Family/ Home/ Parenting,5500000,Iraq,431800,557500
andreavaldirisos,Travel/ Lifestyle,7700000,Colombia,411300,584300
andresiniesta8,Sports,39000000,Spain,91500,132300
angela_aguilar_,Travel/ Lifestyle,8200000,Mexico,285500,346000
angeldimariajm,Sports,16300000,Argentina,294600,434100
angelinajolie,Travel/ Lifestyle,12600000,Brazil,274600,456100
angeliqueboyer,Celebrity/ Entertainment,13900000,Brazil,247400,310600
angelrai07,Travel/ Lifestyle,14900000,India,462200,557400
anitta,Celebrity/ Entertainment,61100000,Brazil,542800,1000000
anjimaxuofficially,Travel/ Lifestyle,11100000,India,173300,221200
annakendrick47,Celebrity/ Entertainment,20300000,United States,210000,274200
annecurtissmith,Celebrity/ Entertainment,17800000,Philippines,134700,152300
annehathaway,Celebrity/ Entertainment,22600000,United States,704300,928400
annemarie,Celebrity/ Entertainment,9200000,India,242500,339600
ansufati,Sports,8000000,Spain,475200,721000
anthonyjoshua,Health/ Fitness,13600000,United Kingdom,142000,192800
antogriezmann,Sports,35500000,Spain,205300,329600
antonelaroccuzzo,Fashion/ Beauty,19000000,Argentina,970700,1600000
anuel,Celebrity/ Entertainment,27900000,Spain,586000,892100
anupamaparameswaran96,Celebrity/ Entertainment,11400000,India,510400,583300
anushkasen0408,Celebrity/ Entertainment,34500000,India,379100,443800
anushkasharma,Celebrity/ Entertainment,57500000,India,1100000,1300000
anyageraldine,Celebrity/ Entertainment,10700000,Indonesia,182300,305200
apple,Business/ Tech/ Gaming,27400000,India,83400,111200
araikgalstyanmoscowschool,Fashion/ Beauty,13000000,Turkey,323000,416700
arianagrande,Celebrity/ Entertainment,302300000,United States,2900000,4100000
arishfakhan138,Celebrity/ Entertainment,28000000,India,183100,221400
aron.piper,Celebrity/ Entertainment,13900000,Brazil,273100,515600
arsenal,Sports,21500000,United Kingdom,79900,120000
arthuraguiar,Celebrity/ Entertainment,12700000,Brazil,104100,236800
asalamaleh,Celebrity/ Entertainment,6600000,Iraq,415900,514500
asaprocky,Celebrity/ Entertainment,14600000,United States,383600,641700
ashishchanchlani,Celebrity/ Entertainment,13300000,India,832600,1000000
ashleybenson,Fashion/ Beauty,22400000,Brazil,101000,144300
ashleygraham,Fashion/ Beauty,17200000,United States,392700,519500
aslisona,Celebrity/ Entertainment,21400000,India,110200,134100
ateez_official_,Celebrity/ Entertainment,6300000,United States,410900,472100
attahalilintar,Celebrity/ Entertainment,23100000,Indonesia,140200,192300
auba,Sports,12000000,United Kingdom,379300,602100
aum_patchrapa,Celebrity/ Entertainment,14100000,Thailand,150300,179200
aurelie.hermansyah,Fashion/ Beauty,25300000,Indonesia,475200,601100
avani,Fashion/ Beauty,18800000,United States,337000,451900
avneetkaur_13,Celebrity/ Entertainment,30500000,India,281300,341100
avrillavigne,Celebrity/ Entertainment,10700000,Brazil,211200,263000
awez_darbar,Celebrity/ Entertainment,17800000,India,466000,558400
aykutelmas,Celebrity/ Entertainment,6800000,Turkey,321000,376500
badbunnypr,Celebrity/ Entertainment,38500000,United States,2500000,3900000
badgalriri,Celebrity/ Entertainment,125100000,United States,2800000,4600000
baifernbah,Travel/ Lifestyle,10400000,Indonesia,224500,284600
bambam1a,Celebrity/ Entertainment,16000000,Brazil,684300,863000
barackobama,Business/ Tech/ Gaming,35400000,United States,148300,174600
bbrightvc,Celebrity/ Entertainment,13500000,Indonesia,1700000,2000000
bclsinclair,Celebrity/ Entertainment,20200000,Indonesia,153500,242600
beberexha,Celebrity/ Entertainment,10800000,India,221500,327000
bebytsabina,Fashion/ Beauty,7100000,Indonesia,243400,373900
beingsalmankhan,Celebrity/ Entertainment,50700000,India,474600,604400
belindapop,Celebrity/ Entertainment,14900000,Mexico,136700,197000
bellahadid,Fashion/ Beauty,50600000,United States,566900,905300
bellathorne,Celebrity/ Entertainment,25200000,United States,289500,485700
bernardokath,Fashion/ Beauty,16800000,Philippines,452700,545400
beyonce,Celebrity/ Entertainment,246900000,United States,2600000,3700000
bhadbhabie,Celebrity/ Entertainment,16400000,United States,143100,268000
bhuvan.bam22,Celebrity/ Entertainment,14200000,India,741000,915800
bianca,Fashion/ Beauty,17700000,Brazil,73600,172200
bibisbeautypalace,Family/ Home/ Parenting,7800000,Germany,322700,369600
bighit_ent,Celebrity/ Entertainment,13000000,Indonesia,721300,888500
bigsean,Celebrity/ Entertainment,14600000,United States,169900,310300
billieeilish,Celebrity/ Entertainment,101700000,United States,2600000,3400000
bizarrap,Celebrity/ Entertainment,11500000,Argentina,920800,1100000
blackpinkofficial,Celebrity/ Entertainment,46200000,Indonesia,1100000,1400000
blakelively,Celebrity/ Entertainment,32000000,United States,827100,1300000
bleacherreport,Sports,18400000,United States,103800,204700
blythe,Celebrity/ Entertainment,13400000,Philippines,196900,224100
bmw,Automotive,33100000,India,73100,97600
bn_sj2013,Celebrity/ Entertainment,21400000,Indonesia,2500000,2900000
bobbyindaeyo,Celebrity/ Entertainment,3400000,Indonesia,679100,791200
borodylia,Celebrity/ Entertainment,18200000,Russia,123000,153200
bramastavrl,Celebrity/ Entertainment,23700000,Indonesia,109100,138900
brentrivera,Celebrity/ Entertainment,22100000,United States,888300,1200000
bretmanrock,Celebrity/ Entertainment,18300000,United States,551000,927900
brfootball,Sports,11900000,United States,146000,236000
britneyspears,Celebrity/ Entertainment,40200000,United States,180500,251600
brunamarquezine,Celebrity/ Entertainment,42600000,Brazil,485200,837200
brunomars,Celebrity/ Entertainment,24900000,Brazil,328700,499000
brycehall,Celebrity/ Entertainment,7500000,United States,279200,358700
bts.bighitofficial,Celebrity/ Entertainment,61700000,Indonesia,2400000,2600000
bugatti,Automotive,16100000,United States,124100,168500
bumkeyk,Celebrity/ Entertainment,9000000,Indonesia,376300,451600
burakozcivit,Celebrity/ Entertainment,20500000,Turkey,492800,597500
burcuozberk,Celebrity/ Entertainment,9000000,Turkey,560900,725600
bypamella,Celebrity/ Entertainment,9400000,Brazil,237700,406800
c.syresmith,Celebrity/ Entertainment,18600000,United States,190100,294600
camerondallas,Celebrity/ Entertainment,23000000,United States,104800,182600
camila_cabello,Celebrity/ Entertainment,60900000,Brazil,305400,418100
camilaloures,Celebrity/ Entertainment,17600000,Brazil,131500,196300
camilladelucas,Fashion/ Beauty,10800000,Brazil,205200,376800
camilo,Celebrity/ Entertainment,26400000,Argentina,252300,398900
camimendes,Celebrity/ Entertainment,26800000,Brazil,1100000,1600000
canelo,Health/ Fitness,12800000,Mexico,203000,282200
canyaman,Celebrity/ Entertainment,9300000,Italy,324400,402800
caradelevingne,Fashion/ Beauty,43300000,United States,130100,182800
carlinhosmaiaof,Travel/ Lifestyle,24800000,Brazil,441900,810700
carryminati,Business/ Tech/ Gaming,15000000,India,885800,1000000
casemiro,Sports,14000000,Spain,149800,224100
cazzu,Celebrity/ Entertainment,9800000,Argentina,396200,508000
cbum,Health/ Fitness,6600000,United States,248700,410600
celestebarber,Travel/ Lifestyle,8900000,United States,364800,393200
chaelincl,Celebrity/ Entertainment,9800000,Brazil,259000,342500
championsleague,Sports,91400000,Brazil,255300,344400
channingtatum,Celebrity/ Entertainment,17000000,United States,272100,393200
charles_leclerc,Automotive,6600000,Italy,473900,629200
charlidamelio,Travel/ Lifestyle,47700000,United States,1500000,1900000
charlieputh,Celebrity/ Entertainment,15700000,United States,320500,456200
chelseafc,Sports,33200000,Indonesia,115700,172400
chiaraferragni,Fashion/ Beauty,26700000,Italy,372000,616600
chloegmoretz,Celebrity/ Entertainment,20100000,United States,292900,392500
chrisbrownofficial,Celebrity/ Entertainment,106000000,United States,157100,241900
chrishemsworth,Celebrity/ Entertainment,54000000,India,776600,998100
chrissyteigen,Celebrity/ Entertainment,37400000,United States,158000,205500
ciara,Celebrity/ Entertainment,31300000,United States,199400,270600
claireholt,Celebrity/ Entertainment,7400000,United States,304100,415400
clean_0828,Travel/ Lifestyle,5500000,Indonesia,1300000,1600000
cocielo,Celebrity/ Entertainment,17800000,Brazil,360600,564800
coldplay,Celebrity/ Entertainment,15400000,Brazil,274000,381300
cole.labrant,Travel/ Lifestyle,5000000,United States,412600,580800
colesprouse,Fashion/ Beauty,36000000,United States,352700,459300
colleen,Family/ Home/ Parenting,7500000,United States,368300,463600
conangray,Celebrity/ Entertainment,5700000,Brazil,785400,1200000
courteneycoxofficial,Celebrity/ Entertainment,12100000,India,319900,421900
cristiano,Sports,419600000,India,5700000,7000000
cvillaloboss,Celebrity/ Entertainment,19200000,Colombia,247300,305100
cznburak,Food,32900000,Turkey,615200,836000
d_degeaofficial,Sports,12900000,United Kingdom,306800,434400
daddyyankee,Celebrity/ Entertainment,44900000,Argentina,1300000,1800000
dagelan,Travel/ Lifestyle,20600000,Indonesia,83400,140500
danbilzerian,Celebrity/ Entertainment,32800000,India,1300000,2100000
danialves,Sports,35700000,Brazil,170600,264900
daniel.k.here,Travel/ Lifestyle,4800000,Indonesia,458900,577400
danielricciardo,Automotive,6600000,United States,361100,469200
dannapaola,Celebrity/ Entertainment,33500000,Mexico,931600,1300000
daquan,Travel/ Lifestyle,16800000,United States,364200,561900
darshanravaldz,Celebrity/ Entertainment,14800000,India,205900,249100
dava_m,Business/ Tech/ Gaming,13700000,Russia,166000,215900
davidalaba,Sports,8500000,Spain,301400,426700
davidbeckham,Family/ Home/ Parenting,71900000,India,500400,641100
davidluiz23,Sports,21200000,Brazil,69800,152400
davido,Celebrity/ Entertainment,23300000,Nigeria,184900,259300
davidwarner31,Sports,9100000,India,238200,279700
davikah,Fashion/ Beauty,15900000,Thailand,355300,460800
ddlovato,Celebrity/ Entertainment,128700000,United States,319800,418400
dearra,Travel/ Lifestyle,6000000,United States,236900,589900
debbyryan,Celebrity/ Entertainment,16700000,United States,169400,246400
deepikapadukone,Celebrity/ Entertainment,65500000,India,347200,450300
demetozdemir,Celebrity/ Entertainment,15000000,Turkey,335600,449000
demirose,Fashion/ Beauty,19200000,United States,395900,515000
dhanushkraja,Celebrity/ Entertainment,4200000,India,685100,886300
diddy,Celebrity/ Entertainment,18400000,United States,109400,164500
diljitdosanjh,Celebrity/ Entertainment,12900000,India,203300,244700
dindahw,Celebrity/ Entertainment,13900000,Indonesia,288800,431500
dishapatani,Celebrity/ Entertainment,49600000,India,909300,1100000
divyankatripathidahiya,Celebrity/ Entertainment,18900000,India,146500,168200
dixiedamelio,Celebrity/ Entertainment,25100000,United States,293000,430300
djokernole,Sports,10400000,Serbia,195700,240900
djsnake,Celebrity/ Entertainment,9100000,India,362200,429600
dkharbour,Celebrity/ Entertainment,6200000,United States,352200,461500
dlwlrma,Celebrity/ Entertainment,25800000,South Korea,2900000,3500000
dntlrdl,Travel/ Lifestyle,5900000,Indonesia,1500000,2000000
dojacat,Celebrity/ Entertainment,22400000,United States,2800000,3900000
domelipa,Travel/ Lifestyle,17200000,Mexico,1100000,1300000
donya,Fashion/ Beauty,14700000,Iran,379800,596700
dovecameron,Celebrity/ Entertainment,46400000,United States,618500,807200
dqsalmaan,Celebrity/ Entertainment,10200000,India,176800,239600
dualipa,Celebrity/ Entertainment,81600000,Mexico,2200000,2700000
dukissj,Celebrity/ Entertainment,9000000,Argentina,607200,1100000
dylanminnette,Celebrity/ Entertainment,7300000,United States,215700,350400
dylansprouse,Celebrity/ Entertainment,9300000,United States,350300,549800
e_milygarcia,Celebrity/ Entertainment,11000000,Brazil,230100,380500
easportsfifa,Sports,25800000,Spain,70900,118300
ebi,Celebrity/ Entertainment,10300000,Iran,193600,260500
ederbez,Celebrity/ Entertainment,18100000,Mexico,248300,278900
egorkreed,Celebrity/ Entertainment,14700000,Russia,322600,396900
eilirjani,Travel/ Lifestyle,9500000,Albania,423900,611600
elcinsangu,Celebrity/ Entertainment,8300000,Turkey,284600,342800
eliana,Celebrity/ Entertainment,29600000,Brazil,119300,151500
ellenpompeo,Celebrity/ Entertainment,10000000,Brazil,285800,495800
elnazshakerdoost,Celebrity/ Entertainment,9500000,Iran,219000,295700
elrodrigocontreras,Travel/ Lifestyle,12700000,Mexico,563100,620800
elrubiuswtf,Business/ Tech/ Gaming,16200000,Mexico,1400000,1500000
emilia_clarke,Celebrity/ Entertainment,27000000,India,490500,617200
emiliamernes,Celebrity/ Entertainment,4900000,Argentina,549500,1000000
eminem,Celebrity/ Entertainment,35600000,Iran,771200,993500
emmachamberlain,Travel/ Lifestyle,15300000,United States,1100000,1700000
emmaroberts,Celebrity/ Entertainment,17700000,United States,266400,392400
emrata,Fashion/ Beauty,29000000,United States,475400,758700
esbilgic,Travel/ Lifestyle,6700000,India,319100,407100
ester_exposito,Celebrity/ Entertainment,29000000,Russia,2900000,4300000
eunwo.o_c,Celebrity/ Entertainment,27400000,Indonesia,3600000,4500000
evaluna,Family/ Home/ Parenting,19800000,Argentina,812100,1100000
evcenf,Travel/ Lifestyle,12800000,Turkey,375600,473300
f1,Automotive,18300000,Italy,266600,337700
fadiljaidi,Travel/ Lifestyle,7000000,Indonesia,581500,873000
faz3,Travel/ Lifestyle,14000000,United Arab Emirates,257300,337900
fcbarcelona,Sports,107100000,Indonesia,450100,687900
fcbayern,Sports,31800000,Germany,115000,167400
fedez,Celebrity/ Entertainment,13700000,Italy,725500,1000000
feliciathegoat,Celebrity/ Entertainment,12400000,United States,1000000,1700000
felicyangelista_,Family/ Home/ Parenting,21000000,Indonesia,107000,147800
felipeneto,Travel/ Lifestyle,15400000,Brazil,166100,236000
fifaworldcup,Sports,25500000,India,71200,109100
florencepugh,Travel/ Lifestyle,7200000,United States,926400,1400000
fortnite,Business/ Tech/ Gaming,26100000,United States,102100,120300
francinyehlke,Fashion/ Beauty,15200000,Brazil,86400,188600
frenchmontana,Celebrity/ Entertainment,24500000,United States,91500,151600
frenkiedejong,Sports,10000000,Spain,528600,792500
fuckjerry,Travel/ Lifestyle,16600000,United States,405300,523100
gabigol,Sports,9600000,Brazil,282000,427000
gal_gadot,Celebrity/ Entertainment,77000000,United States,597500,771600
galatasaray,Sports,11100000,Turkey,254400,307800
garethbale11,Sports,46300000,Spain,402200,633900
gatenm123,Celebrity/ Entertainment,13600000,Brazil,449500,594100
geneliad,Celebrity/ Entertainment,9600000,India,444400,550600
georginagio,Travel/ Lifestyle,36500000,India,2500000,3500000
gessicakayane,Celebrity/ Entertainment,19300000,Brazil,173600,357900
gianlucavacchi,Travel/ Lifestyle,22200000,Brazil,511400,787200
giannis_an34,Sports,12300000,United States,217800,344600
gigihadid,Fashion/ Beauty,73200000,United States,1900000,2800000
gima_ashi,Travel/ Lifestyle,13900000,India,145100,197800
gioewbank,Celebrity/ Entertainment,28000000,Brazil,181400,290600
gisele,Fashion/ Beauty,18900000,Brazil,274600,408000
goar_avetisyan,Fashion/ Beauty,11500000,Russia,510500,707900
golfarahani,Celebrity/ Entertainment,12600000,Iran,307500,395700
grantgust,Celebrity/ Entertainment,7800000,Brazil,343400,487300
greeicy,Celebrity/ Entertainment,20400000,Colombia,201400,270900
grefg_official,Business/ Tech/ Gaming,7100000,Spain,440100,546100
gucci,Fashion/ Beauty,47900000,United States,57900,74300
gururandhawa,Celebrity/ Entertainment,31500000,India,110800,135400
gusein.gasanov,Celebrity/ Entertainment,21000000,Russia,524500,786100
gusttavolima,Celebrity/ Entertainment,42900000,Brazil,46900,79800
hadise,Celebrity/ Entertainment,13700000,Turkey,220700,257200
haileesteinfeld,Celebrity/ Entertainment,18200000,United States,1500000,1900000
haileybieber,Travel/ Lifestyle,42200000,United States,1800000,2400000
hakkiakdenizz,Business/ Tech/ Gaming,17600000,Russia,120200,174400
handemiyy,Celebrity/ Entertainment,27300000,Turkey,2100000,2800000
hannahstocking,Fashion/ Beauty,21000000,United States,237200,337800
hardikpandya93,Sports,20600000,India,860300,1100000
harrykane,Sports,12300000,United Kingdom,148300,204400
harrystyles,Celebrity/ Entertainment,43300000,Brazil,2900000,3900000
hassan_reyvandi,Celebrity/ Entertainment,18700000,Iran,330100,456500
hegdepooja,Celebrity/ Entertainment,18800000,India,831700,959300
helen_yes1,Celebrity/ Entertainment,10500000,Russia,342400,442600
henrycavill,Celebrity/ Entertainment,19700000,Brazil,795100,966500
heybiblee,Fashion/ Beauty,13500000,Indonesia,971100,1300000
hi_high_hiy,Celebrity/ Entertainment,12900000,South Korea,2600000,3000000
hi_songjoongki,Celebrity/ Entertainment,8800000,Indonesia,1700000,2400000
hi_sseulgi,Fashion/ Beauty,11900000,Indonesia,849600,1100000
hichasestokes,Travel/ Lifestyle,7400000,United States,640900,959800
hilaryduff,Celebrity/ Entertainment,20600000,United States,147300,188200
hoooooyeony,Travel/ Lifestyle,23700000,South Korea,2000000,2700000
houseofhighlights,Sports,32700000,United States,64600,117200
hrithikroshan,Celebrity/ Entertainment,41900000,India,638300,805300
hshq,Celebrity/ Entertainment,5500000,United States,488100,859100
huddy,Travel/ Lifestyle,11900000,Brazil,228400,317800
humansofny,Travel/ Lifestyle,11800000,United States,181900,215400
hyeri_0609,Celebrity/ Entertainment,7000000,South Korea,447600,539000
hyunah_aa,Celebrity/ Entertainment,17600000,South Korea,378100,448700
hziyech,Sports,6000000,Morocco,348400,476000
hztttao,Celebrity/ Entertainment,11300000,Indonesia,253100,281300
i_nivethathomas,Celebrity/ Entertainment,5900000,India,395300,447000
iambeckyg,Celebrity/ Entertainment,31200000,Mexico,679200,817400
iamcardib,Celebrity/ Entertainment,127200000,United States,2300000,3300000
iamferv,Travel/ Lifestyle,8800000,Mexico,1000000,1500000
iamhalsey,Celebrity/ Entertainment,28900000,United States,793700,1000000
iammichelemorroneofficial,Travel/ Lifestyle,12900000,Brazil,654100,938900
iampauloandre,Travel/ Lifestyle,6100000,Brazil,122200,424400
iamsrk,Celebrity/ Entertainment,28600000,India,717000,909700
iamzlatanibrahimovic,Sports,52900000,Italy,306700,473100
iansomerhalder,Celebrity/ Entertainment,22500000,United States,527600,788900
ibaillanos,Celebrity/ Entertainment,6800000,Spain,859100,1200000
ileana_official,Celebrity/ Entertainment,14100000,India,286000,347700
imhyoseop,Travel/ Lifestyle,6000000,Indonesia,1200000,1400000
imouniroy,Celebrity/ Entertainment,22600000,India,238900,290700
imsebastianstan,Celebrity/ Entertainment,9000000,United States,566100,672900
indiancricketteam,Sports,23900000,India,223200,260300
indiaroyale,Travel/ Lifestyle,4000000,United States,384500,1100000
inijedar,Celebrity/ Entertainment,29400000,Indonesia,74500,99700
iqbaal.e,Celebrity/ Entertainment,13400000,Indonesia,271400,465900
irinashayk,Fashion/ Beauty,17900000,Russia,121800,169000
iscoalarcon,Sports,23300000,Spain,142700,206200
isisvalverde,Celebrity/ Entertainment,27800000,Brazil,79400,117200
itsmarziapie,Fashion/ Beauty,8200000,United States,603200,705100
itzy.all.in.us,Celebrity/ Entertainment,15800000,Indonesia,761500,930800
jackharlow,Travel/ Lifestyle,5100000,United States,330800,618400
jacksepticeye,Business/ Tech/ Gaming,7700000,United States,277700,322300
jacksonwang852g7,Celebrity/ Entertainment,27300000,China,950100,1100000
jacobelordi,Celebrity/ Entertainment,13200000,Brazil,997400,1600000
jacquelinef143,Celebrity/ Entertainment,59300000,India,322000,391800
jadepicon,Fashion/ Beauty,19400000,Brazil,375200,818400
jailyneojeda,Fashion/ Beauty,14100000,United States,183100,253700
jaimelorentelo,Celebrity/ Entertainment,14500000,Brazil,285100,381800
jairmessiasbolsonaro,Business/ Tech/ Gaming,19500000,Brazil,150900,212600
jakepaul,Celebrity/ Entertainment,19200000,United States,278200,465100
jamescharles,Fashion/ Beauty,23300000,United States,293900,432000
jamesrodriguez10,Sports,49100000,Colombia,506000,768300
jamorant,Travel/ Lifestyle,5900000,United States,332900,537800
janhvikapoor,Travel/ Lifestyle,16100000,India,951300,1100000
jannatzubair29,Celebrity/ Entertainment,41200000,India,614700,748600
jaspritb1,Travel/ Lifestyle,9500000,India,466500,536000
jaybnow.hr,Celebrity/ Entertainment,6600000,Brazil,561300,731700
jaydacheaves,Fashion/ Beauty,7000000,United States,128500,381300
jbalvin,Celebrity/ Entertainment,51900000,Mexico,273600,363000
jennaortega,Celebrity/ Entertainment,7400000,United States,257100,366100
jennierubyjane,Celebrity/ Entertainment,64800000,Indonesia,6200000,7400000
jennifer.garner,Celebrity/ Entertainment,12500000,United States,255600,289400
jenniferaniston,Celebrity/ Entertainment,40100000,Brazil,1600000,2300000
jenniferwinget1,Celebrity/ Entertainment,12300000,India,322300,391700
jennmuriel,Travel/ Lifestyle,5500000,Colombia,451500,562600
jensenackles,Celebrity/ Entertainment,9100000,United States,504600,655900
jeremyrenner,Celebrity/ Entertainment,17200000,United States,192900,230800
jesselingard,Sports,9500000,United Kingdom,192100,294500
jessicah_o,Celebrity/ Entertainment,9700000,United States,874500,1100000
jessicajane99,Travel/ Lifestyle,6000000,Indonesia,441400,582300
jharden13,Sports,11700000,United States,137500,236500
jheneaiko,Celebrity/ Entertainment,14000000,United States,273800,481100
jichangwook,Celebrity/ Entertainment,19200000,Indonesia,920200,1200000
jimmyfallon,Celebrity/ Entertainment,21300000,United States,97200,120900
jin_bighitentertainment,Travel/ Lifestyle,8500000,Indonesia,1200000,1400000
jinyoung_0922jy,Celebrity/ Entertainment,9300000,Indonesia,881400,1200000
jlo,Celebrity/ Entertainment,200800000,United States,429500,549900
joaoguilherme,Celebrity/ Entertainment,15500000,Brazil,116800,227100
joeyking,Celebrity/ Entertainment,19100000,Brazil,541100,774100
johnnyjsuh,Travel/ Lifestyle,8100000,Indonesia,1300000,1600000
jojotodynho,Celebrity/ Entertainment,21700000,Brazil,117300,190100
jokowi,Business/ Tech/ Gaming,45800000,Indonesia,158000,196000
jongsuk0206,Celebrity/ Entertainment,22200000,Indonesia,2200000,2900000
jordialbaoficial,Sports,14100000,Spain,135700,196300
jorgelopez_as,Celebrity/ Entertainment,9700000,Brazil,211300,346300
joshuadun,Celebrity/ Entertainment,5800000,United States,540300,660000
juandediospantoja,Celebrity/ Entertainment,21500000,Mexico,519100,591800
juanpazurita,Celebrity/ Entertainment,28600000,Mexico,341700,485800
juki_lop,Celebrity/ Entertainment,9100000,Mexico,493000,573300
julesleblanc,Celebrity/ Entertainment,9700000,United States,409500,592100
julianapaes,Celebrity/ Entertainment,30200000,Brazil,61400,95200
juliette,Celebrity/ Entertainment,33700000,Brazil,201200,319800
jungkook_bighitentertainment,Celebrity/ Entertainment,9900000,Brazil,1800000,2000000
justinbieber,Celebrity/ Entertainment,227000000,India,439100,638200
justinbieber,Celebrity/ Entertainment,227400000,India,314200,445300
justintimberlake,Celebrity/ Entertainment,64200000,United States,323300,432900
juventus,Sports,52900000,India,61800,89400
k.mbappe,Sports,68900000,France,3000000,4300000
kajalaggarwalofficial,Celebrity/ Entertainment,21700000,India,527300,638000
kaka,Sports,17900000,Brazil,83600,136100
kaliuchis,Celebrity/ Entertainment,3700000,United States,399200,689700
kapilsharma,Celebrity/ Entertainment,39800000,India,690200,789300
kareenakapoorkhan,Travel/ Lifestyle,8900000,India,367400,458300
karimbenzema,Sports,47400000,France,981200,1400000
karolg,Celebrity/ Entertainment,50800000,Mexico,4500000,5400000
kartikaaryan,Celebrity/ Entertainment,23800000,India,472200,588200
katherinelangford,Celebrity/ Entertainment,25700000,India,241900,346400
katrinakaif,Fashion/ Beauty,62900000,India,1000000,1100000
katyperry,Celebrity/ Entertainment,156600000,Brazil,231800,302600
kawtarbamo,Celebrity/ Entertainment,7200000,Morocco,275900,374100
kaylanicolejones,Celebrity/ Entertainment,7300000,United States,166500,352700
keerthysureshofficial,Fashion/ Beauty,12500000,India,650700,743600
kehlani,Celebrity/ Entertainment,13700000,United States,210500,328200
kendalljenner,Fashion/ Beauty,227400000,United States,3400000,5500000
keniaos,Celebrity/ Entertainment,12600000,Mexico,545200,709000
kentooyamazaki,Celebrity/ Entertainment,4900000,Japan,583000,677100
kenzie,Celebrity/ Entertainment,14800000,United States,232400,353600
kevindebruyne,Sports,16800000,United Kingdom,247500,382900
kevinhart4real,Celebrity/ Entertainment,140200000,United States,111300,141000
kevinroldankr,Celebrity/ Entertainment,10100000,Mexico,180200,291400
khabib_nurmagomedov,Health/ Fitness,33300000,Russia,252600,353300
khloekardashian,Fashion/ Beauty,230200000,United States,991100,1200000
kiaraaliaadvani,Celebrity/ Entertainment,22100000,India,828800,939300
kiernanshipka,Celebrity/ Entertainment,8100000,Brazil,207300,335800
kimberly.loaiza,Fashion/ Beauty,33900000,Mexico,995000,1200000
kimjuncotton,Travel/ Lifestyle,9700000,Indonesia,1400000,1700000
kimkardashian,Fashion/ Beauty,296400000,United States,2000000,2900000
kimshantal,Celebrity/ Entertainment,11600000,Mexico,203300,237800
kingarturo23oficial,Sports,16700000,Italy,120800,194800
kingbach,Celebrity/ Entertainment,22100000,United States,120600,242000
kingjames,Sports,116600000,United States,952900,1600000
kingryan,Health/ Fitness,8700000,United States,209500,316600
kittychicha,Travel/ Lifestyle,4200000,Philippines,678800,823400
kjapa,Celebrity/ Entertainment,19000000,United States,1000000,1500000
kkvsh,Travel/ Lifestyle,8200000,United States,198800,336600
klaythompson,Sports,11600000,United States,202300,294700
kourtneykardash,Travel/ Lifestyle,166400000,United States,674500,961200
krisjenner,Celebrity/ Entertainment,46600000,United States,119600,183400
kritisanon,Fashion/ Beauty,47300000,India,565500,658200
ksi,Celebrity/ Entertainment,11200000,United Kingdom,611700,857500
kun11xd,Travel/ Lifestyle,6500000,Indonesia,802400,1000000
kunaguero,Sports,22400000,Argentina,458400,794500
kyliejenner,Fashion/ Beauty,323300000,United States,7600000,12300000
kyo1122,Celebrity/ Entertainment,12900000,Indonesia,636200,810500
kyrieirving,Sports,16200000,United States,142700,216800
l7nnon,Travel/ Lifestyle,6300000,Brazil,214000,507900
la_segura,Celebrity/ Entertainment,8200000,Colombia,335200,411300
lacikaysomers,Celebrity/ Entertainment,11800000,United States,147500,253700
ladivaza,Celebrity/ Entertainment,6800000,Mexico,388900,474500
ladygaga,Celebrity/ Entertainment,51900000,United States,498300,700000
lakers,Sports,19300000,United States,85800,132400
lalalalisa_m,Celebrity/ Entertainment,75700000,Indonesia,7500000,8600000
lanacondor,Celebrity/ Entertainment,10900000,Brazil,283000,385700
larasilva,Celebrity/ Entertainment,16800000,Brazil,789000,1200000
larissamanoela,Celebrity/ Entertainment,44800000,Brazil,192100,320400
larray,Travel/ Lifestyle,6700000,United States,357000,521500
laurenlondon,Celebrity/ Entertainment,9700000,United States,217700,371600
leaelui,Fashion/ Beauty,11700000,India,428400,719500
leedongwook_official,Celebrity/ Entertainment,14100000,Indonesia,1000000,1400000
leighannepinnock,Celebrity/ Entertainment,8500000,Brazil,279100,398000
lelepons,Celebrity/ Entertainment,47700000,Mexico,724300,1100000
leomessi,Sports,315400000,Argentina,4000000,5300000
leonardodicaprio,Celebrity/ Entertainment,52800000,United States,132000,166200
ler_chek,Travel/ Lifestyle,10500000,Russia,713000,923300
lestykejora,Celebrity/ Entertainment,24900000,Indonesia,372900,484000
letthelordbewithyou,Travel/ Lifestyle,26500000,United States,61500,92200
lewishamilton,Automotive,27500000,Brazil,819900,1200000
lexibrookerivera,Celebrity/ Entertainment,8400000,United States,778000,975400
liampayne,Celebrity/ Entertainment,24100000,United States,420400,585500
lilbaby,Celebrity/ Entertainment,18800000,United States,475400,876500
lildurk,Celebrity/ Entertainment,13000000,United States,162100,458200
lilireinhart,Celebrity/ Entertainment,29000000,Brazil,1500000,2200000
lilnasx,Celebrity/ Entertainment,12200000,United States,815500,1400000
liluzivert,Celebrity/ Entertainment,15800000,United States,1100000,2000000
lilyjcollins,Celebrity/ Entertainment,26900000,United States,314300,467300
linatejeiro,Celebrity/ Entertainment,9200000,Colombia,237700,287000
lisakudrow,Celebrity/ Entertainment,8500000,India,356600,475700
litkillah,Celebrity/ Entertainment,7200000,Argentina,438700,578400
littlebodybigheart,Celebrity/ Entertainment,11100000,Brazil,913100,1200000
littlemix,Celebrity/ Entertainment,15400000,Brazil,172100,232000
liverpoolfc,Sports,36700000,United Kingdom,100200,138200
lizakoshy,Celebrity/ Entertainment,19600000,United States,156300,208800
lizasoberano,Fashion/ Beauty,16900000,Philippines,243100,289900
lizgillz,Celebrity/ Entertainment,13900000,Mexico,563000,816300
lizzobeeating,Celebrity/ Entertainment,12100000,United States,213100,298300
loganpaul,Health/ Fitness,22500000,United States,549400,733800
loren,Fashion/ Beauty,22500000,United States,137300,227300
loud_babi,Travel/ Lifestyle,9200000,Brazil,200100,323500
loud_victor,Travel/ Lifestyle,10400000,Brazil,511200,652300
louist91,Celebrity/ Entertainment,18200000,Brazil,1100000,1500000
louisvuitton,Fashion/ Beauty,47700000,Brazil,46200,59700
lucas_lira,Travel/ Lifestyle,5800000,Brazil,296500,434300
lucasranngel,Travel/ Lifestyle,19200000,Brazil,186800,412300
lucyhale,Celebrity/ Entertainment,24300000,United States,183500,240400
ludmilla,Celebrity/ Entertainment,26500000,Brazil,143500,212600
luisafernandaw,Travel/ Lifestyle,16900000,Colombia,106300,162100
luisasonza,Celebrity/ Entertainment,28200000,Brazil,125100,198900
luisitocomunica,Travel/ Lifestyle,31700000,Mexico,939800,1200000
luissuarez9,Sports,43000000,Brazil,238800,356500
lukamodric10,Sports,21600000,Spain,419800,616300
lunay,Celebrity/ Entertainment,10300000,Mexico,202600,296600
m_kayoung,Celebrity/ Entertainment,7900000,Indonesia,1100000,1500000
m10_official,Sports,24000000,Turkey,526600,738300
machinegunkelly,Celebrity/ Entertainment,9600000,United States,284000,457500
maddieziegler,Celebrity/ Entertainment,13900000,United States,533400,799900
madelame,Celebrity/ Entertainment,25300000,Russia,1300000,1800000
madhuridixitnene,Celebrity/ Entertainment,30600000,India,297200,343100
madisonbaileybabe,Travel/ Lifestyle,6700000,United States,416400,779300
madisonbeer,Celebrity/ Entertainment,30600000,United States,630200,940900
mahnaz_afshar,Celebrity/ Entertainment,15700000,Iran,154300,212900
maisa,Celebrity/ Entertainment,42000000,Brazil,343700,468000
maluma,Celebrity/ Entertainment,61600000,Italy,329200,507600
malutrevejo,Celebrity/ Entertainment,11200000,United States,277200,496800
manchesterunited,Sports,56500000,United Kingdom,116600,188800
manelyk_oficial,Celebrity/ Entertainment,14100000,Mexico,179500,240400
maneskinofficial,Travel/ Lifestyle,6000000,Italy,519400,733500
manurios,Celebrity/ Entertainment,9900000,Mexico,572700,966000
marcelotwelve,Sports,53000000,Spain,413500,622200
marcmarquez93,Automotive,6600000,Indonesia,478200,634500
marcoasensio10,Sports,13600000,Spain,194300,298300
marcusrashford,Sports,12700000,United Kingdom,401900,635500
mariabecerra,Celebrity/ Entertainment,8600000,Argentina,332300,785000
mariapedraza_,Celebrity/ Entertainment,12000000,Spain,279600,369000
marimaria,Fashion/ Beauty,19900000,Brazil,126600,242700
marinaruybarbosa,Celebrity/ Entertainment,39800000,Brazil,86600,130100
markiplier,Celebrity/ Entertainment,9800000,United States,406500,463300
markruffalo,Celebrity/ Entertainment,20500000,Brazil,194300,244200
marktuan,Celebrity/ Entertainment,12100000,Thailand,667100,877200
marshmellomusic,Celebrity/ Entertainment,29200000,India,345600,406600
martingarrix,Celebrity/ Entertainment,15600000,Mexico,152800,216300
marvel,Celebrity/ Entertainment,62700000,United States,180100,212500
marvelstudios,Celebrity/ Entertainment,36100000,India,225500,252600
mathildtantot,Travel/ Lifestyle,10300000,United States,310200,470000
matue30,Travel/ Lifestyle,6100000,Brazil,186000,408100
maudeapatow,Travel/ Lifestyle,4800000,United States,577000,955100
maudyayunda,Celebrity/ Entertainment,15400000,Indonesia,110900,163500
maxverstappen1,Automotive,8200000,United States,398700,524400
meganfox,Celebrity/ Entertainment,19900000,United States,2100000,3400000
mehraadjam,Celebrity/ Entertainment,4700000,Iran,385000,564100
melissamelmaia,Celebrity/ Entertainment,11500000,Brazil,245100,444100
melo,Sports,8300000,United States,298100,605600
memezar,Celebrity/ Entertainment,23700000,United States,325600,484700
memphisdepay,Sports,14200000,France,191600,339100
mercedesbenz,Automotive,35300000,Iran,75000,106800
miakhalifa,Health/ Fitness,27700000,India,1500000,2300000
michaelbjordan,Celebrity/ Entertainment,18400000,United States,452900,751000
michaelclifford,Celebrity/ Entertainment,5800000,United States,291900,427900
michelleobama,Business/ Tech/ Gaming,49100000,United States,132300,150200
miguel_bernardeau,Celebrity/ Entertainment,7000000,Spain,260800,384500
miguel.g.herran,Celebrity/ Entertainment,14200000,Brazil,998200,1500000
miketyson,Health/ Fitness,18100000,United States,122800,157300
mikhail_litvin,Celebrity/ Entertainment,14600000,Russia,972000,1200000
milad_khahhh,Travel/ Lifestyle,5600000,Iran,365100,512700
mileycyrus,Celebrity/ Entertainment,163800000,United States,439700,594900
milliebobbybrown,Celebrity/ Entertainment,48200000,Brazil,2100000,2700000
mimikeene3,Celebrity/ Entertainment,4300000,United Kingdom,765800,1400000
min9yu_k,Celebrity/ Entertainment,6000000,Indonesia,1100000,1300000
mingue.k,Celebrity/ Entertainment,3300000,Indonesia,893500,1100000
mirandacosgrove,Celebrity/ Entertainment,9800000,Brazil,213500,333600
mirella,Celebrity/ Entertainment,26600000,Brazil,230400,486700
mohamedramadanws,Celebrity/ Entertainment,20100000,Egypt,93900,129900
mohanshakti,Celebrity/ Entertainment,14900000,India,207000,248000
mosalah,Sports,49000000,Egypt,1200000,1700000
mr_faisu_07,Fashion/ Beauty,26900000,India,362000,462100
mrbeast,Celebrity/ Entertainment,18000000,United States,1400000,1800000
mterstegen1,Sports,13300000,Spain,280000,422000
myketowers,Celebrity/ Entertainment,9400000,Spain,207900,376100
nabilla,Fashion/ Beauty,7200000,France,266800,367400
nadin_serovski,Family/ Home/ Parenting,9400000,Russia,515700,710100
nadine,Celebrity/ Entertainment,11100000,Philippines,319900,354600
naileadevora,Celebrity/ Entertainment,5000000,United States,482400,712700
nameisnani,Sports,4800000,India,517800,559000
nancyajram,Celebrity/ Entertainment,32400000,Iraq,140300,179500
narendramodi,Business/ Tech/ Gaming,66500000,India,1500000,1700000
narins_beauty,Travel/ Lifestyle,8400000,Syria,351600,429000
natalee.007,Fashion/ Beauty,6900000,United States,286600,366100
natashawilona12,Fashion/ Beauty,37500000,Indonesia,233300,278600
nattinatasha,Celebrity/ Entertainment,35400000,Mexico,281100,338300
navidmohammadzadeh,Celebrity/ Entertainment,8200000,Iran,541400,764000
nazriyafahadh,Travel/ Lifestyle,5500000,India,371800,497800
nba,Sports,65800000,United States,40600,68200
ncentineo,Celebrity/ Entertainment,17000000,Brazil,200300,333600
nct,Celebrity/ Entertainment,13600000,Indonesia,624900,819900
nct127,Celebrity/ Entertainment,13700000,Indonesia,787200,972300
nehakakkar,Celebrity/ Entertainment,68500000,India,664800,774400
nehasharmaofficial,Celebrity/ Entertainment,13900000,India,232800,267600
neslihanatagul,Celebrity/ Entertainment,13000000,Turkey,670600,842600
netflix,Celebrity/ Entertainment,29500000,Brazil,65000,105900
netflixbrasil,Celebrity/ Entertainment,29900000,Brazil,103700,177500
neymarjr,Sports,172000000,Brazil,1600000,2300000
niallhoran,Celebrity/ Entertainment,29400000,United States,1200000,1800000
nianaguerrero,Celebrity/ Entertainment,14000000,Indonesia,410600,514800
nicki.nicole,Celebrity/ Entertainment,11500000,Argentina,876200,1300000
nickiminaj,Celebrity/ Entertainment,181600000,United States,393700,615200
nickjonas,Celebrity/ Entertainment,32300000,United States,164000,233000
nickyjam,Celebrity/ Entertainment,42700000,Colombia,290900,347000
nicolegarcia,Travel/ Lifestyle,5300000,Mexico,384900,503400
nike,Health/ Fitness,208900000,United States,129500,175500
nikefootball,Sports,44300000,Brazil,74800,117400
nikitadragun,Fashion/ Beauty,9100000,United States,368000,562100
nikkietutorials,Fashion/ Beauty,15600000,United States,353800,480500
nina,Celebrity/ Entertainment,25500000,Brazil,778500,1100000
nita_shilimkar,Fashion/ Beauty,10300000,India,351100,464900
noahbeck,Sports,9000000,United States,317300,523000
noahschnapp,Celebrity/ Entertainment,20100000,Brazil,1300000,1700000
nodal,Celebrity/ Entertainment,8400000,Mexico,252400,415500
nolimitherbo,Celebrity/ Entertainment,7400000,United States,156200,374700
noorstars,Celebrity/ Entertainment,12600000,Iraq,149500,199600
norafatehi,Celebrity/ Entertainment,38600000,India,865800,1100000
normani,Travel/ Lifestyle,7000000,United States,313800,490900
nusr_et,Food,43500000,Turkey,192900,285400
o.dembele7,Sports,10300000,Spain,468600,804000
obj,Sports,15800000,United States,339500,645800
officialslystallone,Celebrity/ Entertainment,14800000,United States,162900,206300
offsetyrn,Celebrity/ Entertainment,19700000,United States,313300,559800
oliviarodrigo,Celebrity/ Entertainment,22900000,India,2800000,3500000
onwardwanna,Travel/ Lifestyle,5100000,United States,1000000,1700000
oohsehun,Celebrity/ Entertainment,22900000,Indonesia,1900000,2400000
ozuna,Celebrity/ Entertainment,22200000,Spain,167100,225300
paollaoliveirareal,Celebrity/ Entertainment,33600000,Brazil,127600,167400
parineetichopra,Celebrity/ Entertainment,35200000,India,357500,412100
paulodybala,Sports,45800000,Argentina,662900,1100000
paulolondra,Celebrity/ Entertainment,12600000,Argentina,1200000,1900000
paulpogba,Sports,52800000,Brazil,353400,628500
paulwalker,Celebrity/ Entertainment,14600000,India,217200,297800
paulwesley,Celebrity/ Entertainment,12200000,Brazil,640000,958000
pefabiodemelo,Travel/ Lifestyle,25500000,Brazil,81600,122900
perrieedwards,Fashion/ Beauty,14500000,Brazil,523100,816700
perspolis,Sports,7600000,Iran,276500,393200
pewdiepie,Business/ Tech/ Gaming,21900000,United States,1200000,1400000
peytonlist,Celebrity/ Entertainment,19700000,United States,360000,541500
pharrell,Celebrity/ Entertainment,13500000,United States,126400,181100
phil.coutinho,Sports,24500000,Brazil,456200,740900
phoebejtonkin,Fashion/ Beauty,8200000,United States,236800,338600
phs1116,Business/ Tech/ Gaming,9500000,Indonesia,2000000,2600000
playboicarti,Celebrity/ Entertainment,8000000,United States,1200000,2100000
playstation,Business/ Tech/ Gaming,28900000,United States,80500,99300
pokimanelol,Travel/ Lifestyle,6000000,United States,526700,694800
pokrov90,Celebrity/ Entertainment,7300000,Russia,350300,408100
polo.capalot,Celebrity/ Entertainment,10200000,United States,416900,685700
porsche,Automotive,26400000,United States,97100,124400
postmalone,Celebrity/ Entertainment,22300000,United States,407300,623100
prattprattpratt,Celebrity/ Entertainment,35500000,United States,193000,250900
premierleague,Sports,55400000,United Kingdom,49500,69500
prideofgypsies,Celebrity/ Entertainment,16800000,United States,141000,181300
prillylatuconsina96,Celebrity/ Entertainment,46600000,Indonesia,56400,81600
priyankachopra,Celebrity/ Entertainment,75700000,India,643000,778200
psg,Sports,58000000,Brazil,295800,495000
pubity,Travel/ Lifestyle,31600000,United States,214500,313300
pugachevmark,Automotive,10000000,Russia,358100,525900
quavohuncho,Celebrity/ Entertainment,20800000,United States,103000,170100
raashiikhanna,Celebrity/ Entertainment,8100000,India,256600,305900
rachel_mypark,Celebrity/ Entertainment,9700000,Indonesia,784600,977100
rachelvennya,Family/ Home/ Parenting,6700000,Indonesia,176400,372500
rafaelnadal,Sports,14000000,Spain,228700,286300
rafaeluccman,Travel/ Lifestyle,8600000,Brazil,227100,472900
rafakalimann,Fashion/ Beauty,22800000,Brazil,90900,163300
raffinagita1717,Celebrity/ Entertainment,60600000,Indonesia,37400,52500
rahulkl,Sports,11900000,India,676900,788500
raisa6690,Celebrity/ Entertainment,30400000,Indonesia,60600,94000
rakulpreet,Celebrity/ Entertainment,19200000,India,334100,392500
ranveersingh,Celebrity/ Entertainment,38900000,India,314700,408400
raphaelvarane,Sports,18400000,Spain,200800,301400
rashmika_mandanna,Fashion/ Beauty,30000000,India,1700000,2000000
ratantata,Business/ Tech/ Gaming,5900000,India,952200,1100000
rauwalejandro,Celebrity/ Entertainment,13700000,Spain,382400,553000
realbarbarapalvin,Fashion/ Beauty,17500000,Russia,480200,649000
realhinakhan,Celebrity/ Entertainment,16700000,India,189500,233600
realmadrid,Sports,113000000,Spain,407200,563100
realshadmehr,Celebrity/ Entertainment,7600000,Iran,330200,460800
realstraykids,Celebrity/ Entertainment,20100000,Indonesia,1700000,2000000
redvelvet.smtown,Celebrity/ Entertainment,11400000,Indonesia,327900,398900
reesewitherspoon,Celebrity/ Entertainment,27600000,United States,152500,183700
renebaebae,Travel/ Lifestyle,9900000,Indonesia,1400000,1700000
residente,Celebrity/ Entertainment,8700000,Colombia,480400,743900
reynmen,Celebrity/ Entertainment,7000000,Turkey,418000,531500
rezagolzar,Celebrity/ Entertainment,11700000,Iran,178500,263100
riaricis1795,Travel/ Lifestyle,30300000,Indonesia,868200,1100000
ricky_martin,Celebrity/ Entertainment,16700000,Argentina,141200,190400
rishabpant,Sports,6100000,India,496500,589600
riteishd,Celebrity/ Entertainment,13800000,India,282200,328900
riyadmahrez26.7,Sports,8500000,Algeria,333900,429900
riyaz.14,Travel/ Lifestyle,26100000,India,399800,519500
rizkybillar,Celebrity/ Entertainment,12600000,Indonesia,322100,414800
robertdowneyjr,Celebrity/ Entertainment,51900000,India,1600000,2100000
roberto_firmino,Sports,13200000,Brazil,144600,214900
rockstargames,Business/ Tech/ Gaming,22300000,United States,108500,135200
rogerfederer,Sports,9200000,Spain,484700,627900
rohitsharma45,Sports,23300000,India,1100000,1200000
rohittt_09_,Celebrity/ Entertainment,21200000,India,788700,1100000
romeosantos,Celebrity/ Entertainment,19000000,United States,225000,277900
ronaldinho,Sports,65100000,Brazil,183800,317000
rosalia.vt,Celebrity/ Entertainment,19500000,Spain,737000,967100
roses_are_rosie,Celebrity/ Entertainment,57500000,Indonesia,4800000,5500000
ross_lynch,Celebrity/ Entertainment,10000000,United States,348300,695500
ruben_onsu,Celebrity/ Entertainment,37900000,Indonesia,64200,79500
rubyrose,Fashion/ Beauty,18800000,United States,171300,225700
sabrinacarpenter,Celebrity/ Entertainment,27100000,Brazil,1100000,1300000
sachintendulkar,Sports,33500000,India,333400,399900
sadiesink_,Fashion/ Beauty,15300000,Brazil,1200000,1700000
sadiomaneofficiel,Sports,10400000,United Kingdom,350700,500300
saharghoreyshiofficialpage,Travel/ Lifestyle,10700000,Iran,193800,283900
salmahayek,Celebrity/ Entertainment,20900000,United States,212100,262500
samantharuthprabhuoffl,Fashion/ Beauty,22900000,India,584900,701500
samoylovaoxana,Family/ Home/ Parenting,15200000,Russia,897600,1200000
samsmith,Celebrity/ Entertainment,14600000,United States,223900,328400
sanchooo10,Sports,8300000,United Kingdom,411400,719600
sandrinna_11,Travel/ Lifestyle,10400000,Indonesia,252200,321600
saraalikhan95,Celebrity/ Entertainment,39700000,India,247900,302000
sarahhyland,Celebrity/ Entertainment,9100000,United States,223000,278900
sarwendah29,Celebrity/ Entertainment,30800000,Indonesia,75400,89200
sav.labrant,Family/ Home/ Parenting,7000000,United States,597100,798400
saweetie,Celebrity/ Entertainment,13100000,United States,144700,336200
sebastianyatra,Celebrity/ Entertainment,29300000,Argentina,219300,305600
selenagomez,Celebrity/ Entertainment,308200000,United States,3300000,4400000
sergioramos,Sports,49700000,Spain,606900,930300
shahidkapoor,Celebrity/ Entertainment,33500000,India,506700,574100
shakira,Celebrity/ Entertainment,71900000,India,691100,947200
shawnmendes,Celebrity/ Entertainment,67400000,Brazil,809300,1200000
shaymitchell,Fashion/ Beauty,32600000,United States,304800,426300
shehnaazgill,Celebrity/ Entertainment,11300000,India,396800,496300
shikhardofficial,Sports,10800000,India,261000,298400
shraddhakapoor,Celebrity/ Entertainment,70500000,India,1100000,1300000
shreyaghoshal,Celebrity/ Entertainment,23700000,India,127700,142500
shreyas41,Sports,5900000,India,461700,575700
sidmalhotra,Celebrity/ Entertainment,18700000,India,602400,750000
simaria,Celebrity/ Entertainment,27600000,Brazil,223500,326200
simoneses,Celebrity/ Entertainment,33700000,Brazil,327800,412200
sinavaliollah,Celebrity/ Entertainment,6800000,Iran,376400,474700
sincerooficial,Travel/ Lifestyle,21100000,Brazil,109500,212600
skawngur,Celebrity/ Entertainment,17800000,Indonesia,1800000,2500000
skuukzky,Fashion/ Beauty,17500000,Indonesia,871400,1100000
smriti_mandhana,Sports,5900000,India,550900,637700
snoopdogg,Travel/ Lifestyle,71800000,United States,60900,85500
sofiaalcastro,Celebrity/ Entertainment,8500000,Colombia,427400,582700
sofiavergara,Celebrity/ Entertainment,24800000,United States,109000,143000
sommerray,Fashion/ Beauty,26700000,United States,242300,381300
somsomi0309,Celebrity/ Entertainment,13900000,Indonesia,894600,1100000
sonamkapoor,Fashion/ Beauty,31900000,India,145800,173500
sonu_sood,Celebrity/ Entertainment,14100000,India,321300,367600
sooyaaa__,Celebrity/ Entertainment,58600000,Indonesia,4700000,5400000
sooyoungchoi,Fashion/ Beauty,6900000,Indonesia,348900,420700
sophiet,Celebrity/ Entertainment,14900000,United States,515900,693700
soueunavida,Travel/ Lifestyle,17500000,Brazil,204600,389500
soydannyalfaro,Fashion/ Beauty,8000000,Mexico,329400,377400
sportscenter,Sports,30000000,United States,125800,224200
ssinz7,Celebrity/ Entertainment,13500000,Indonesia,1300000,1600000
staceysolomon,Family/ Home/ Parenting,5100000,United Kingdom,409700,493600
starwars,Celebrity/ Entertainment,14900000,United States,182000,231400
staskaranikolaou,Travel/ Lifestyle,10800000,United States,179400,264100
stephencurry30,Sports,41100000,United States,565700,757600
sthefanematos,Travel/ Lifestyle,9700000,Brazil,256800,590200
strangerthingstv,Celebrity/ Entertainment,15600000,Brazil,433200,579500
subo_m,Celebrity/ Entertainment,9000000,Russia,294200,360400
suga_bighitentertainment,Travel/ Lifestyle,7900000,Indonesia,1200000,1400000
sunnyleone,Fashion/ Beauty,51500000,India,312800,421700
sureshraina3,Fashion/ Beauty,19100000,India,328700,371300
sydney_sweeney,Travel/ Lifestyle,11800000,United States,1800000,3400000
syifahadjureal,Fashion/ Beauty,14900000,Indonesia,295700,365000
sza,Celebrity/ Entertainment,11600000,United States,748600,1300000
t22felton,Celebrity/ Entertainment,11900000,United States,223400,289400
taehyung.bighitentertainment,Celebrity/ Entertainment,10300000,Indonesia,2000000,2100000
taeyeon_ss,Celebrity/ Entertainment,18300000,South Korea,762000,925800
taina,Celebrity/ Entertainment,15600000,Brazil,478300,998900
tamannaahspeaks,Celebrity/ Entertainment,15900000,India,344400,401900
tamerhosny,Celebrity/ Entertainment,22000000,Egypt,110500,134100
tatawerneck,Celebrity/ Entertainment,52100000,Brazil,80800,123500
taylor_hill,Celebrity/ Entertainment,18900000,United States,115500,172900
taylorswift,Celebrity/ Entertainment,204700000,Brazil,2300000,3100000
tchalamet,Celebrity/ Entertainment,17500000,United States,2300000,3800000
teddysphotos,Celebrity/ Entertainment,37700000,United States,161000,219800
tejasswiprakash,Fashion/ Beauty,5500000,India,424700,513400
tenlee_1001,Celebrity/ Entertainment,9400000,Indonesia,1100000,1400000
teyanataylor,Celebrity/ Entertainment,14600000,United States,153900,261200
thariqhalilintar,Celebrity/ Entertainment,6500000,Indonesia,476900,590200
thebursin,Celebrity/ Entertainment,10300000,Russia,891200,1200000
thedeverakonda,Celebrity/ Entertainment,14800000,India,984900,1200000
theellenshow,Celebrity/ Entertainment,116800000,United States,29200,33300
theestallion,Celebrity/ Entertainment,28200000,United States,504000,879900
thefatjewish,Travel/ Lifestyle,10100000,United States,186900,244400
thegirljt,Celebrity/ Entertainment,5100000,United States,234400,641800
thehughjackman,Celebrity/ Entertainment,30300000,United States,107100,122400
thenameisyash,Celebrity/ Entertainment,5900000,India,813100,964900
thenewclassic,Celebrity/ Entertainment,15800000,United States,233600,378200
thenotoriousmma,Health/ Fitness,45000000,United States,435400,631500
therealcalebmclaughlin,Celebrity/ Entertainment,11100000,Brazil,278700,398600
therealjosephmorgan,Celebrity/ Entertainment,7800000,Brazil,411300,514100
therock,Celebrity/ Entertainment,307000000,India,303400,396000
theshilpashetty,Celebrity/ Entertainment,24800000,India,107100,124000
theweeknd,Celebrity/ Entertainment,37500000,United States,725800,983900
thiagosilva,Sports,18900000,Brazil,122800,207200
tiagopzk,Celebrity/ Entertainment,4300000,Argentina,333400,761600
tiffanyyoungofficial,Fashion/ Beauty,11600000,Indonesia,240500,301200
tigerjackieshroff,Celebrity/ Entertainment,33800000,India,331600,405000
timatiofficial,Celebrity/ Entertainment,18000000,Russia,151200,202400
tinistoessel,Celebrity/ Entertainment,17400000,Argentina,631400,844700
tombrady,Sports,11800000,United States,458600,847900
tomcruise,Celebrity/ Entertainment,6200000,India,465000,645700
tommyinnit,Travel/ Lifestyle,3600000,France,724800,817400
toni.kr8s,Sports,31900000,Germany,178800,244100
travisscott,Celebrity/ Entertainment,44800000,United States,1400000,2100000
trentarnold66,Travel/ Lifestyle,6600000,United Kingdom,298900,438300
trippieredd,Celebrity/ Entertainment,12800000,United States,530700,1000000
troyesivan,Celebrity/ Entertainment,12600000,United States,157200,225600
trueno,Celebrity/ Entertainment,6700000,Argentina,479200,745700
twicetagram,Celebrity/ Entertainment,24600000,Indonesia,1300000,1600000
tyga,Celebrity/ Entertainment,32400000,United States,689200,1000000
tylerrjoseph,Celebrity/ Entertainment,5500000,United States,628200,941300
urassayas,Celebrity/ Entertainment,11400000,Thailand,181600,220800
urstrulymahesh,Celebrity/ Entertainment,8100000,India,527500,580400
ursulolita,Celebrity/ Entertainment,24600000,Brazil,2000000,2900000
urvashirautela,Celebrity/ Entertainment,46400000,India,193400,229900
valentinazenere,Fashion/ Beauty,8500000,Brazil,259000,315400
valeyellow46,Automotive,13300000,Indonesia,310500,405300
vancityreynolds,Celebrity/ Entertainment,42400000,United States,325200,422400
vanessahudgens,Celebrity/ Entertainment,44800000,United States,161100,262300
vanessalopesr_,Travel/ Lifestyle,10600000,Brazil,171900,559700
vanessamorgan,Celebrity/ Entertainment,9400000,United States,422300,600500
varundvn,Celebrity/ Entertainment,40900000,India,403400,492300
vickykaushal09,Celebrity/ Entertainment,13200000,India,1300000,1500000
victoriajustice,Celebrity/ Entertainment,21800000,United States,226200,309800
viihtube,Celebrity/ Entertainment,22900000,Brazil,148000,279900
vindiesel,Celebrity/ Entertainment,79000000,Brazil,440500,568500
vinijr,Sports,15800000,Brazil,909400,1500000
vinniehacker,Travel/ Lifestyle,5600000,United States,687000,1400000
virat.kohli,Sports,188100000,India,3100000,3400000
virgilvandijk,Sports,11500000,United Kingdom,235400,333600
virginia,Celebrity/ Entertainment,35800000,Brazil,1400000,2100000
vivi,Fashion/ Beauty,13100000,Brazil,200000,328400
vousmevoyez,Celebrity/ Entertainment,10100000,Indonesia,366600,475800
warriors,Travel/ Lifestyle,22200000,United States,81700,112800
watanabenaomi703,Celebrity/ Entertainment,9700000,Japan,339000,361000
waynerooney,Sports,15500000,United Kingdom,139800,201400
wdohwan,Celebrity/ Entertainment,4400000,Indonesia,504800,669000
whinderssonnunes,Travel/ Lifestyle,57900000,Brazil,988300,1500000
wilbursoot,Celebrity/ Entertainment,3200000,United States,687500,883100
willevy,Celebrity/ Entertainment,10200000,Brazil,382900,514400
willsmith,Celebrity/ Entertainment,62400000,United States,1900000,2400000
willyrex,Celebrity/ Entertainment,8600000,Spain,324100,385100
winmetawin,Travel/ Lifestyle,11700000,Philippines,1300000,1500000
wizkidayo,Celebrity/ Entertainment,14200000,Nigeria,243300,473400
wolfiecindy,Fashion/ Beauty,6900000,United States,226500,376700
wos.ds3,Celebrity/ Entertainment,6300000,Argentina,371200,567400
xavi,Sports,8100000,Spain,419400,629100
xeesoxee,Travel/ Lifestyle,8900000,Indonesia,1300000,1700000
xsqueezie,Celebrity/ Entertainment,7600000,France,519400,607300
xuminghao_o,Celebrity/ Entertainment,4300000,Indonesia,615900,776200
xxxtentacion,Celebrity/ Entertainment,20200000,United States,11800000,20800000
yasminabdelaziz_,Celebrity/ Entertainment,15400000,Egypt,185700,219900
yasmine_sabri,Celebrity/ Entertainment,18400000,Egypt,158400,222800
yastunes,Celebrity/ Entertainment,8000000,Iran,644000,894000
yefersoncossio,Travel/ Lifestyle,8800000,Colombia,257000,376600
yejinhand,Celebrity/ Entertainment,6000000,Indonesia,537100,699000
yerimiese,Travel/ Lifestyle,10100000,Indonesia,620300,768100
yoona__lim,Celebrity/ Entertainment,13200000,Indonesia,571600,683200
youngdae0302,Celebrity/ Entertainment,3800000,Indonesia,561400,741400
yugyeom,Celebrity/ Entertainment,10800000,Thailand,634200,821700
yungmiami305,Travel/ Lifestyle,5300000,United States,184600,547800
yuyacst,Fashion/ Beauty,17100000,Mexico,389800,598200
yuzi_chahal23,Travel/ Lifestyle,7500000,India,311500,379500
zacefron,Celebrity/ Entertainment,52100000,United States,598700,869300
zachking,Celebrity/ Entertainment,24500000,Indonesia,413900,637700
zayn,Celebrity/ Entertainment,44900000,India,3700000,5800000
zefelipecantor,Celebrity/ Entertainment,23100000,Brazil,278100,487800
zelenskiy_official,Celebrity/ Entertainment,16400000,Ukraine,174000,208100
zendaya,Celebrity/ Entertainment,136100000,United States,6400000,8600000
zidane,Sports,31200000,Spain,546000,744100
zkdlin,Celebrity/ Entertainment,13900000,Indonesia,1300000,1600000
zoeisabellakravitz,Celebrity/ Entertainment,8200000,United States,583000,885500
zoesugg,Travel/ Lifestyle,9400000,United Kingdom,208700,289300