youtuber name,channel name,Category,Subscribers,Audience Country,avg views,avg likes,avg comments
tseries,T-Series,Music & Dance,212.1M,India,323.7K,9.8K,290
checkgate,Cocomelon - Nursery Rhymes,Education,132.1M,N/A,13.8M,80.9K,N/A
setindia,SET India,,130.4M,India,23.6K,314,21
PewDiePie,PewDiePie,Animation,111.4M,United States,1.4M,80.8K,4.6K
MrBeast6000,MrBeast,Video games,92.5M,United States,30.6M,1.7M,67.7K
✿ Kids Diana Show,✿ Kids Diana Show,Animation,92.4M,N/A,10.6M,46.8K,N/A
Like Nastya,Like Nastya,Animation,90.1M,N/A,13.7M,74.2K,N/A
WWEFanNation,WWE,Video games,86.9M,United States,76.6K,2.8K,163
zeemusiccompany,Zee Music Company,Music & Dance,82.7M,India,108.7K,4.2K,155
Vlad and Niki,Vlad and Niki,Toys,80.4M,N/A,7M,42.2K,N/A
5-Minute Crafts,5-Minute Crafts,,76.2M,United States,255.6K,2.1K,68
kidrauhl,Justin Bieber,Music & Dance,68.1M,United States,2.7M,162.7K,7.9K
GoldminesTelefilms,Goldmines,,67.9M,India,107.1K,1K,39
CanalKondZilla,Canal KondZilla,Music & Dance,65.5M,Brazil,36.8K,2.3K,153
BANGTANTV,BANGTANTV,Music & Dance,65M,United States,2.8M,598.9K,14.2K
sabtv,Sony SAB,Movies,64.9M,India,46.5K,899,27
ibighit,HYBE LABELS,Music & Dance,64.7M,United States,401.7K,62.3K,2.6K
zeetv,Zee TV,,61.5M,India,146.2K,1.8K,17
filmigaane,Shemaroo Filmi Gaane,Music & Dance,59.2M,India,64.5K,631,33
corycotton,Dude Perfect,Video games,57.4M,United States,10.3M,375.7K,9.1K
SmartBooksMedia,Pinkfong Baby Shark - Kids' Songs & Stories,Animation,56.6M,N/A,412K,1.4K,N/A
ChuChu TV Nursery Rhymes & Kids Songs,ChuChu TV Nursery Rhymes & Kids Songs,Education,55.2M,N/A,498.7K,5.4K,N/A
Marshmello,Marshmello,Music & Dance,55M,United States,636K,47.4K,4.9K
BHOJPURIWAVE,Wave Music,Music & Dance,51.5M,India,85.8K,1.4K,155
colorstv,Colors TV,,51.2M,India,20.2K,290,8
aajtaktv,Aaj Tak,News & Politics,50.9M,India,8.9K,128,10
sonymusicindiaSME,Sony Music India,Music & Dance,50.3M,India,60.2K,2.6K,75
tipsmusic,Tips Official,Music & Dance,49.9M,India,230.8K,1.8K,85
ReinoMariaElenaWalsh,El Reino Infantil,Music & Dance,48.9M,N/A,254.4K,1K,N/A
LooLooKids,LooLoo Kids - Nursery Rhymes and Children's Songs,Music & Dance,48.7M,N/A,1.7M,7.4K,N/A
tseriesbhakti,T-Series Bhakti Sagar,Music & Dance,48.3M,India,26.4K,1.2K,73
Badabun,Badabun,,45.5M,Mexico,4.9K,129,14
JuegaGerman,JuegaGerman,Animation,45.5M,Mexico,1.4M,140.7K,4.8K
yrf,YRF,Music & Dance,45.3M,India,184.2K,5.5K,104
Billie Eilish,Billie Eilish,Music & Dance,45.1M,United States,1.3M,149.7K,7.2K
felipeneto,Felipe Neto,,44M,Brazil,280.6K,34K,245
whinderssonnunes,whinderssonnunes,Movies,43.8M,Brazil,140.8K,17K,145
BRIGHT SIDE,BRIGHT SIDE,Animation,43.2M,United States,79.7K,1.9K,137
KatyPerryMusic,Katy Perry,Music & Dance,42.6M,United States,151.6K,10.7K,824
vcsabiavideos,Você Sabia?,,42.6M,Brazil,987.2K,129K,2.7K
infobellshindirhymes,Infobells - Hindi,Education,42.6M,India,883.3K,4.7K,N/A
DjWalkzz,Alan Walker,Music & Dance,41.6M,United States,146.7K,12.9K,378
sonymusicindiaVEVO,SonyMusicIndiaVEVO,Music & Dance,41.2M,India,2.3K,136,19
Like Nastya Show,Like Nastya Show,Animation,40.8M,N/A,723.9K,3.5K,N/A
speedrecordss,Speed Records,Music & Dance,40M,India,42.3K,1.8K,79
A4,A4,Animation,39M,Russia,12.3M,650.5K,43.9K
ABSCBNOnline,ABS-CBN Entertainment,,38.8M,Philippines,1.7K,26,1
getmovies,Get Movies,,38.7M,N/A,542.4K,3K,N/A
LuisitoComunicaa,Luisito Comunica,,38.4M,Mexico,2.4M,74.6K,3.3K
LittleBabyBum,Little Baby Bum - Nursery Rhymes & Kids Songs,Education,38.4M,N/A,489.4K,1.6K,N/A
TheEllenShow,TheEllenShow,,38.2M,United States,42.1K,944,54
MashaMedvedTV,Маша и Медведь,Education,37.4M,N/A,1.2M,7.8K,N/A
gr6explode,GR6 EXPLODE,Music & Dance,37.2M,Brazil,179.6K,11.4K,190
luccasneto,LUCCAS NETO - LUCCAS TOON,Animation,37.1M,Brazil,625.7K,13.3K,N/A
venus,Ishtar Music,Music & Dance,36.5M,India,67.8K,790,59
Kimberly Loaiza,Kimberly Loaiza,Daily vlogs,36M,Mexico,9.2M,646.5K,42.3K
ShemarooEnt,Shemaroo,,35.8M,India,103.6K,604,18
DaddyYankeeOFFTV,Daddy Yankee,Music & Dance,35.8M,Argentina,1.7M,174.6K,15.8K
Voot Kids,Voot Kids,Movies,35.8M,India,2.4M,17.2K,N/A
WorkpointOfficial,WorkpointOfficial,,35.6M,Thailand,10.1K,139,7
Toys and Colors,Toys and Colors,Toys,35.1M,N/A,1.1M,2.9K,N/A
shfa,shfa,Daily vlogs,34.9M,France,3.6M,52.4K,N/A
shfa2 - شفا,shfa2 - شفا,Daily vlogs,34.5M,N/A,632.1K,4.5K,N/A
SuperSimpleSongs,Super Simple Songs - Kids Songs,Music & Dance,33.7M,N/A,1.7M,3.7K,N/A
Jkk Entertainment,Jkk Entertainment,,33.7M,India,11.3M,103.3K,1.4K
JbalvinTube,J Balvin,Music & Dance,33.3M,Colombia,0,N/A,N/A
gmmonetv,one31,,33.3M,Thailand,7K,133,4
vegetta777,VEGETTA777,Video games,32.9M,Mexico,394.2K,31.7K,256
Masha and The Bear,Masha and The Bear,Animation,32.8M,N/A,1.2M,7.5K,N/A
YouTube,YouTube,,32.8M,United States,41.5K,2K,N/A
Goldmines Gaane Sune Ansune,Goldmines Gaane Sune Ansune,Music & Dance,32.7M,India,65.7K,515,22
markiplierGAME,Markiplier,Animation,32.5M,United States,3M,165.3K,6K
Like Nastya ESP,Like Nastya ESP,,32.3M,N/A,418.4K,1.7K,N/A
Ryan's World,Ryan's World,Animation,32.1M,N/A,975.2K,4.4K,N/A
abpnewstv,ABP NEWS,News & Politics,32.1M,India,2.6K,35,3
NoCopyrightSounds,NoCopyrightSounds,Music & Dance,32.1M,United States,535.5K,19.7K,1.2K
Desi Music Factory,Desi Music Factory,Music & Dance,32.1M,India,10.8M,396.4K,143.6K
Geet MP3,Geet MP3,Music & Dance,31.9M,India,381.4K,25.8K,1K
Total Gaming,Total Gaming,,31.7M,India,1.4M,140K,6.8K
Maria Clara & JP,Maria Clara & JP,,31.5M,N/A,2.8M,22.1K,N/A
UltraHindi,Ultra Bollywood,,31.5M,India,88.1K,570,24
tseriesapnapunjab,T-Series Apna Punjab,Music & Dance,31.3M,India,34.3K,1.4K,64
SSSniperWolf,SSSniperWolf,Humor,31M,United States,4.9M,141.9K,7.3K
Mikecrack,Mikecrack,Animation,30.9M,Mexico,3.8M,277.4K,9.6K
GENIAL,GENIAL,Animation,30.9M,Mexico,74.3K,2.4K,83
KHANDESHI MOVIES,KHANDESHI MOVIES,,30.9M,India,7.5M,65.8K,931
tv3official,Ch3Thailand,,30.7M,Thailand,120.5K,1.4K,33
Luis Fonsi,Luis Fonsi,,30.5M,United States,37K,2.7K,131
sonypalindia,Sony PAL,,30.5M,India,12.2K,220,17
AllTrapNation,Trap Nation,Music & Dance,30.5M,United States,129.3K,4.7K,136
IndiaTV,IndiaTV,News & Politics,30.5M,India,13.6K,219,11
cancionesdelagranja,La Granja de Zenón,Music & Dance,30.4M,N/A,623.3K,3.1K,N/A
erosentertainment,Eros Now Music,,30.3M,India,64.1K,1K,31
SMTOWN,SMTOWN,Music & Dance,30.2M,United States,478K,54.7K,3.2K
MrBean,Mr Bean,,30.1M,India,73.2K,2.2K,69
juptube,Galinha Pintadinha,Music & Dance,29.7M,N/A,10.6M,43.2K,N/A
Ricis Official,Ricis Official,Music & Dance,29.7M,Indonesia,782K,51.6K,1.8K
rezendeevil,rezendeevil,Video games,29.7M,Brazil,230.7K,28.7K,463
AH,AH,Music & Dance,29.6M,Indonesia,1.4M,81.1K,4.4K
SpinninRec,Spinnin' Records,Music & Dance,29.5M,United States,70.3K,2.5K,71
latenight,The Tonight Show Starring Jimmy Fallon,Music & Dance,29.3M,United States,88.8K,2.2K,121
tseriesoldisgold,Bollywood Classics,Music & Dance,28.9M,India,44.4K,530,39
rajshri,Rajshri,,28.8M,India,15.4K,109,6
harpalgeo,HAR PAL GEO,,28.6M,Pakistan,7.3K,67,4
DisneyMusicVEVO,DisneyMusicVEVO,Music & Dance,28.5M,United States,2.5M,63.2K,2K
UltraRecords,Ultra Music,Music & Dance,28.3M,United States,30.6K,1.2K,48
jacksepticeye,jacksepticeye,Video games,28.2M,United States,1.9M,127.6K,5.2K
BabyBus - Kids Songs and Cartoons,BabyBus - Kids Songs and Cartoons,Animation,28.1M,N/A,1.1M,4.7K,N/A
xoxxxoooxo,The Weeknd,Music & Dance,27.7M,United States,355.6K,25.3K,1.1K
TheLateLateShow,The Late Late Show with James Corden,Animation,27.5M,United States,78.1K,1.6K,112
ImagineDragons,ImagineDragons,Music & Dance,27.5M,United States,1.6M,95.8K,3.6K
TalkingTomCat,Talking Tom,,27.4M,United States,1.2M,3K,N/A
toyoraljanahtv,قناة طيور الجنة | toyoraljanahtv,Music & Dance,27.3M,N/A,143.7K,N/A,N/A
theofficialpeppa,Peppa Pig - Official Channel,Toys,26.9M,N/A,2M,9K,N/A
Little Angel: Nursery Rhymes & Kids Songs,Little Angel: Nursery Rhymes & Kids Songs,Toys,26.9M,N/A,1.1M,5.1K,N/A
ARY Digital,ARY Digital,,26.9M,Pakistan,15.1K,143,5
WWRBhojpuri,Worldwide Records Bhojpuri,Music & Dance,26.7M,India,119.6K,1.7K,129
SongsOfIndianCinema,Saregama Music,Music & Dance,26.6M,India,31.6K,906,79
MrBeast Gaming,MrBeast Gaming,Animation,26.5M,United States,23.3M,732K,44K
Wow Kidz,Wow Kidz,Animation,26.5M,N/A,468.2K,4.3K,N/A
TheDonato,TheDonato,Video games,26.5M,Mexico,488.1K,56.5K,240
GMANETWORK,GMANetwork,,26.4M,Philippines,10K,249,12
infobellstamil,infobells - Tamil,Education,26.2M,N/A,215K,1.2K,N/A
TheDiamondMinecart,DanTDM,Video games,26.1M,United States,1.3M,59.5K,3.7K
taylorgangent,Wiz Khalifa,Music & Dance,26M,United States,0,N/A,N/A
Bounce Patrol - Kids Songs,Bounce Patrol - Kids Songs,Music & Dance,25.8M,N/A,2.8M,7.8K,N/A
WorldStarHipHopTV,WORLDSTARHIPHOP,Music & Dance,25.8M,United States,72.7K,2.4K,267
VanossGaming,VanossGaming,Animation,25.6M,United States,1.2M,57.5K,624
enchufetv,enchufetv,Humor,25.6M,Ecuador,960.6K,99.9K,235
infobellstelugu,infobells - Telugu,Education,25.6M,N/A,165.5K,825,N/A
LosPolinesios,LosPolinesios,Daily vlogs,25.4M,Mexico,620.9K,45.6K,997
PowerKids,PowerKids,Movies,25.3M,India,18.9K,N/A,N/A
Techno Gamerz,Techno Gamerz,,25.2M,India,5M,332.9K,25.8K
1MILLION Dance Studio,1MILLION Dance Studio,,25.2M,India,72.1K,3.8K,57
toycantando,toycantando,Music & Dance,25M,N/A,376.8K,2.3K,N/A
smosh,Smosh,Animation,25M,United States,193.4K,10.8K,382
xSkyHeLLxx,Renato Garcia,Toys,24.8M,Brazil,1M,112.2K,1.5K
AboFlah,AboFlah,Animation,24.7M,Iraq,0,N/A,N/A
zeenews,Zee News,News & Politics,24.5M,India,78.3K,1.3K,80
Diana and Roma ESP,Diana and Roma ESP,Animation,24.5M,N/A,982.6K,4.4K,N/A
WatchMojo,WatchMojo.com,Movies,24.4M,United States,77.7K,2.3K,231
Super JoJo - Nursery Rhymes & Kids Songs,Super JoJo - Nursery Rhymes & Kids Songs,Animation,24.4M,N/A,1.5M,7.5K,N/A
Genevieve's Playhouse - Learning Videos for Kids,Genevieve's Playhouse - Learning Videos for Kids,Toys,24.4M,N/A,236.4K,410,N/A
Jess No Limit,Jess No Limit,Music & Dance,24.4M,Indonesia,363.2K,15.4K,1.1K
TwiNboTzVids,Lucas and Marcus,Animation,24.4M,United States,472.4K,20.3K,749
MR. INDIAN HACKER,MR. INDIAN HACKER,,24.3M,India,5.3M,587.7K,18.9K
jypentertainment,JYP Entertainment,Music & Dance,24.2M,United States,2.3M,455.2K,18.4K
Las Ratitas,Las Ratitas,Toys,24.2M,N/A,580.7K,15.5K,N/A
James Charles,James Charles,Beauty,24.2M,United States,1M,54.8K,2.2K
davidguettavevo,David Guetta,Music & Dance,24M,Brazil,267.4K,8.7K,358
nickelodeonjuniorfr,Nick Jr.,Toys,24M,N/A,148.7K,361,N/A
व्लाद और निकिता,व्लाद और निकिता,,23.8M,N/A,2.2M,14K,N/A
ZHC,ZHC,Design/art,23.8M,United States,5.2M,195.6K,8.9K
adityamusic,Aditya Music,Music & Dance,23.6M,India,49K,1.2K,36
Logan Paul,Logan Paul,Video games,23.4M,United States,4.3M,76.2K,3.9K
Rans Entertainment,Rans Entertainment,Music & Dance,23.4M,Indonesia,755.7K,22.9K,675
NewOnNetflix,Netflix,Movies,23.2M,United States,265.2K,5K,325
Chloe Ting,Chloe Ting,Fitness,23.2M,United States,375.7K,17.3K,783
Troom Troom,Troom Troom,Toys,23M,United States,339.2K,3.7K,107
Masha y el Oso,Masha y el Oso,Animation,23M,N/A,891.3K,5.8K,N/A
Raffy Tulfo in Action,Raffy Tulfo in Action,Music & Dance,23M,Philippines,399.4K,5.8K,773
SesameStreet,Sesame Street,Music & Dance,22.8M,N/A,237.4K,790,N/A
JellyYT,Jelly,Video games,22.8M,United States,260K,13.2K,450
ColdplayVEVO,Coldplay,Music & Dance,22.8M,United States,66.2K,6.9K,188
Diana and Roma HIN,Diana and Roma HIN,,22.6M,N/A,251.1K,1.6K,N/A
Mister Max,Mister Max,DIY & Life Hacks,22.6M,Russia,988.2K,22.4K,879
mildicasdemulher,Erlania e Valentina Pontes,,22.5M,Brazil,300.1K,5K,N/A
Vlad và Nikita,Vlad và Nikita,Music & Dance,22.4M,N/A,1.3M,6.7K,N/A
DrossRotzank,DrossRotzank,News & Politics,22.4M,Mexico,2.1M,151.6K,8.1K
Sandeep Maheshwari,Sandeep Maheshwari,Daily vlogs,22.4M,India,652.6K,38.8K,2.3K
ABP NEWS HINDI,ABP NEWS HINDI,News & Politics,22.3M,India,2K,25,6
adityacinema,Aditya Movies,,22.3M,India,113.6K,3.3K,130
Goldmines Dishoom,Goldmines Dishoom,,22.2M,N/A,28.5K,292,N/A
THECHAINSMOKERS,The Chainsmokers,Humor,22.2M,United States,62.4K,6.2K,97
netdmuzikk,netd müzik,Music & Dance,22M,Turkey,15.5K,355,59
Technical Guruji,Technical Guruji,,22M,India,111.4K,9.8K,847
Smile Family,Smile Family,Animation,21.8M,N/A,142.1K,756,N/A
gmmgrammyofficial,GMM GRAMMY OFFICIAL,Music & Dance,21.7M,Thailand,2.4K,53,2
Anuel AA,Anuel AA,Music & Dance,21.6M,Colombia,104.2K,7.4K,373
mmoshaya,mmoshaya,,21.6M,Saudi Arabia,1.8M,35.7K,1.7K
Miss Katy,Miss Katy,Video games,21.4M,Russia,604.8K,11.2K,626
VenusMovies,Venus Movies,,21.4M,India,6.3K,64,8
Like Nastya AE,Like Nastya AE,,21.4M,N/A,740.5K,5K,N/A
Frost Diamond,Frost Diamond,Music & Dance,21.2M,Indonesia,395.1K,21.3K,1.2K
Tasty,Tasty,Food & Drinks,21M,United States,251.5K,7.9K,239
WHBBP,White Hill Music,Music & Dance,21M,India,23.2K,1.2K,89
TEDtalksDirector,TED,,21M,United States,32.7K,919,72
WB Kids,WB Kids,Movies,21M,N/A,68K,659,N/A
oRugrat,FaZe Rug,Video games,20.8M,United States,2.5M,105.9K,5.9K
5-Minute Crafts DIY,5-Minute Crafts DIY,Music & Dance,20.8M,India,53.4K,648,18
AmericasGotTalent,America's Got Talent,,20.8M,United States,284.3K,5.5K,176
CanalCanalha,CanalCanalha,Sports,20.7M,Brazil,1.1M,127.4K,2.1K
hamaarbhojiwood,Wave Music Bhojpuri,Music & Dance,20.6M,India,8.8K,139,30
PeppaLatinoAmericano,Peppa Pig Español Latino - Canal Oficial,Toys,20.6M,N/A,734.6K,5.7K,N/A
shemaroomovies,Shemaroo Movies,,20.6M,India,21.8K,264,14
BabyBus - Canciones Infantiles & Cuentos,BabyBus - Canciones Infantiles & Cuentos,Toys,20.6M,N/A,330.9K,1.9K,N/A
Goldmines Bollywood,Goldmines Bollywood,,20.6M,India,32.6K,173,9
Diana and Roma ARA,Diana and Roma ARA,,20.6M,N/A,1.8M,12.8K,N/A
The Lallantop,The Lallantop,News & Politics,20.5M,India,12.9K,313,50
FGTeeV,FGTeeV,Animation,20.4M,United States,2.1M,23.5K,2.1K
BuzzFeedVideo,BuzzFeedVideo,Daily vlogs,20.4M,United States,56K,1.4K,148
Baim Paula,Baim Paula,Music & Dance,20.4M,Indonesia,1.1M,49.8K,1.9K
SSundee,SSundee,Video games,20.4M,United States,3M,141.2K,4.6K
Like Nastya PRT,Like Nastya PRT,,20.4M,N/A,670.3K,3.4K,N/A
AuthenticGames,AuthenticGames,Video games,20.2M,Brazil,64.8K,6.1K,229
TheFineBros,REACT,Humor,20.2M,United States,89.5K,3K,382
Crazy XYZ,Crazy XYZ,,20.2M,India,5.6M,498.5K,14.6K
VEVO,Vevo,Music & Dance,20M,United States,85.6K,804,36
DisneyChannelLA,Disney Latinoamérica,,20M,N/A,46.7K,348,N/A
goldmineshindi,Goldmines Movies,,20M,India,8.2K,65,3
PenIndiaPvtLimited,Pen Movies,,20M,India,271K,7.6K,285
HaerteTest,HaerteTest,,20M,India,28K,213,24
SlivkiChanel,SlivkiShow,DIY & Life Hacks,19.8M,Russia,2.8M,295K,55.3K
5-Minute Crafts PLAY,5-Minute Crafts PLAY,,19.8M,India,35.4K,258,15
LazarBeam,LazarBeam,Video games,19.8M,United States,4.2M,160K,5.9K
Kids TV - Nursery Rhymes And Baby Songs,Kids TV - Nursery Rhymes And Baby Songs,Animation,19.8M,N/A,174.2K,320,N/A
NationalGeographic,National Geographic,,19.8M,United States,45.8K,1.1K,74
Brave Wilderness,Brave Wilderness,,19.8M,United States,400.6K,12.1K,735
BeckyGOfficial,Becky G,Music & Dance,19.8M,United States,57.5K,5K,126
Goldmines Cineplex,Goldmines Cineplex,,19.8M,India,15.7K,132,4
NewAFI2013,Indosiar Visual Mandiri,Music & Dance,19.6M,Indonesia,15.7K,264,22
rossbollinger,Pencilmation,Animation,19.6M,United States,390.9K,3.4K,96
HumNetwork,HUM TV,,19.4M,Pakistan,3K,21,2
PrestonPlayz,Preston,Animation,19.4M,United States,2.8M,68.6K,3.6K
Mnet,Mnet K-POP,Music & Dance,19.4M,United States,31.1K,2.6K,112
CharliesVlogs,Charlie Puth,Music & Dance,19.2M,United States,464.7K,34K,802
Totoy kids - Português,Totoy kids - Português,Toys,19.2M,Brazil,207.4K,1.5K,N/A
GooodLifeFilms,Lyrical Lemonade,,19.2M,United States,335.8K,60.7K,5.7K
RotanaAudio,Rotana,Music & Dance,19.2M,Saudi Arabia,1.3M,22K,533
Crafty Panda,Crafty Panda,Music & Dance,19.1M,India,75K,540,15
Noor Stars,Noor Stars,Music & Dance,19.1M,Iraq,2M,161.3K,12.1K
DLS News,DLS News,News & Politics,19M,India,74.3K,2.5K,146
Troom Troom Es,Troom Troom Es,Toys,19M,Mexico,120.5K,2.7K,58
starplus,StarPlus,,19M,India,348.7K,8.3K,68
The ACE Family,The ACE Family,Humor,19M,United States,1.4M,73.8K,3.6K
toyorbabytv,toyorbabytv,Music & Dance,18.8M,N/A,100.9K,N/A,N/A
gordonramsay,Gordon Ramsay,Food & Drinks,18.8M,United States,218.1K,7.2K,338
gottalentglobal,Got Talent Global,,18.8M,United States,48.3K,751,63
TelenovelaTelevisa,Tlnovelas,ASMR,18.8M,Mexico,26.8K,310,13
Infinite,Infinite,Video games,18.8M,United States,528.7K,24.3K,1.9K
MrVivekBindra,Dr. Vivek Bindra: Motivational Speaker,Education,18.8M,India,290K,18.2K,222
TheWillyrex,TheWillyrex,Video games,18.6M,Spain,35.1K,2.4K,N/A
UltraMovieParlour,Ultra Movie Parlour,,18.6M,India,194.8K,1.2K,31
fatosdesconhecidos,Fatos Desconhecidos,Science & Technology,18.6M,Brazil,242.1K,23.1K,636
TheEnaldinhO,Enaldinho,,18.5M,Brazil,365.9K,28.2K,518
Vlad and Niki Arabic,Vlad and Niki Arabic,,18.4M,N/A,2.6M,18.7K,N/A
OfficialClashOfClans,Clash of Clans,News & Politics,18.4M,United States,485.9K,16.1K,280
JimmyKimmelLive,Jimmy Kimmel Live,Movies,18.4M,United States,202.9K,4.9K,288
MARVEL,Marvel Entertainment,Movies,18.4M,United States,347.2K,26.3K,1K
RobinHoodGamer1,Robin Hood Gamer,Animation,18.4M,Brazil,1.3M,59K,1.1K
Unbox Therapy,Unbox Therapy,Science & Technology,18.2M,United States,1.3M,17.7K,2K
NBA,NBA,Sports,18.2M,United States,49.4K,1.6K,92
Kurzgesagt,Kurzgesagt – In a Nutshell,Education,18.2M,United States,7.7M,354.7K,15.7K
TRT Originals Urdu,TRT Originals Urdu,,18.2M,Pakistan,387.9K,17.1K,747
CKN,CKN,Video games,18.2M,N/A,214.3K,1.6K,N/A
gmapublicaffairs,GMA Public Affairs,News & Politics,18.1M,Philippines,10.6K,131,10
corbuzierprediction,Deddy Corbuzier,,18.1M,Indonesia,3M,66.3K,6.8K
Eva Bravo Play,Eva Bravo Play,,18.1M,N/A,323.9K,2.6K,N/A
★ Kids Roma Show,★ Kids Roma Show,Animation,18M,N/A,1.1M,10.2K,N/A
shfa show India,shfa show India,Daily vlogs,18M,N/A,3.3M,19K,N/A
Мирошка ТВ,Мирошка ТВ,,18M,Russia,15.4K,67,N/A
sonotekvideo,Sonotek,Music & Dance,18M,India,34.1K,1.2K,127
greengoldtv,Green Gold TV - Official Channel,,18M,N/A,305.5K,2.5K,N/A
Kinder Spielzeug Kanal,Kinder Spielzeug Kanal,Animation,18M,N/A,168.8K,1K,N/A
GEN HALILINTAR,GEN HALILINTAR,Music & Dance,18M,Indonesia,747.5K,39.9K,726
INCRÍVEL,INCRÍVEL,Animation,17.8M,Brazil,32.5K,1.8K,47
turmadamonicaTV,Turma da Mônica,Animation,17.8M,N/A,180.9K,1.8K,N/A
DanielSaboya,Dan-Sa / Daniel Saboya,Music & Dance,17.8M,Brazil,33.9K,1.6K,20
BritainsGotTalent09,Britain's Got Talent,Music & Dance,17.8M,N/A,122.9K,939,N/A
kbsworld,KBS WORLD TV,,17.8M,Philippines,6.3K,211,9
TheOdd1sOut,TheOdd1sOut,Animation,17.7M,United States,0,N/A,N/A
Ninja Kidz TV,Ninja Kidz TV,Video games,17.6M,United States,2.5M,22.4K,1.1K
Brent Rivera,Brent Rivera,Animation,17.6M,United States,3.9M,281.5K,11.5K
PinkPanther,Official Pink Panther,,17.6M,N/A,716.6K,5.9K,N/A
FactTechz,FactTechz,,17.5M,India,791.1K,66.9K,1.9K
Like Nastya Vlog,Like Nastya Vlog,Daily vlogs,17.5M,N/A,752.2K,2.7K,N/A
TheGrefg,TheGrefg,Animation,17.5M,Spain,1.4M,97K,1.5K
SockeyeMedia,Mother Goose Club Playhouse,Music & Dance,17.5M,N/A,80.2K,149,N/A
Matroix,Ali-A,Video games,17.5M,United States,691.2K,20.1K,847
HiMan,HiMan,Video games,17.5M,Russia,1.2M,102.3K,351
rhettandlink2,Good Mythical Morning,Food & Drinks,17.5M,United States,1.3M,40.2K,1.4K
CookieSwirlC,CookieSwirlC,Video games,17.5M,United States,411.8K,4.7K,842
ElTrollino,ElTrollino,Animation,17.5M,Mexico,3.3M,101K,2.5K
Naisa Alifia Yuriza (N.A.Y),Naisa Alifia Yuriza (N.A.Y),Music & Dance,17.5M,Indonesia,504.7K,19.9K,757
EeOneGuy,EeOneGuy,,17.5M,Russia,794K,47K,5.6K
Stubborn Facts,Stubborn Facts,,17.3M,India,97K,3K,127
TheElenaYa,Diana and Roma EN,Animation,17.3M,N/A,607K,2.3K,N/A
MiawAug,MiawAug,Video games,17.3M,Indonesia,1.3M,67.3K,4.9K
rsiammusic,RsiamMusic : อาร์สยาม,Music & Dance,17.3M,Thailand,8.4K,306,10
Emiway Bantai,Emiway Bantai,Music & Dance,17.3M,India,864.4K,106.6K,7.3K
Netflix India,Netflix India,ASMR,17.3M,India,61.9K,2.8K,72
farrukotv,Farruko,Music & Dance,17.3M,United States,493.2K,22.3K,807
dj47maryn,Marmok,Video games,17.3M,Russia,3.8M,437.5K,15.1K
portadosfundos,Porta dos Fundos,Movies,17.3M,Brazil,639.8K,62.8K,808
BabyBus - Cerita & Lagu Anak-anak,BabyBus - Cerita & Lagu Anak-anak,Toys,17.1M,N/A,926.4K,5.7K,N/A
Willyrex,Willyrex,Video games,17.1M,Mexico,147.5K,10K,96
SCTVIndonesia,Surya Citra Televisi,Music & Dance,17.1M,Indonesia,23.6K,433,39
SebastianYatra,Sebastián Yatra,Music & Dance,17.1M,Colombia,1.8M,55.5K,1.2K
Little Angel Español - Canciones Infantiles,Little Angel Español - Canciones Infantiles,Animation,17.1M,N/A,1.2M,7.5K,N/A
ThePoznavatel,Познаватель,Toys,16.9M,Russia,3.4M,92.3K,3.2K
A_S Gaming,A_S Gaming,,16.9M,India,1.1M,102.3K,2.1K
RobleisIUTU,RobleisIUTU,Animation,16.9M,Argentina,1.2M,79.3K,2.3K
Guava Juice,Guava Juice,,16.9M,United States,73.6K,2.1K,75
D Billions,D Billions,,16.9M,N/A,1.2M,2K,N/A
kidstvsongs,Doggy Doggy Cartoons,,16.9M,N/A,14.6K,172,N/A
aMOODIEsqueezie,SQUEEZIE,,16.9M,France,5.3M,430.4K,5.4K
Vania Mania Kids,Vania Mania Kids,Toys,16.7M,N/A,361.7K,2.2K,N/A
Heidi & Zidane बच्चों की कहानियाँ,Heidi & Zidane बच्चों की कहानियाँ,Daily vlogs,16.7M,N/A,414.3K,3.1K,N/A
The Royalty Family,The Royalty Family,Humor,16.7M,United States,2.8M,81.7K,10.7K
musicalrmastv,الـريماس - Al-Remas,Music & Dance,16.7M,Iraq,66.5K,3.3K,166
Masha e o Urso,Masha e o Urso,,16.7M,N/A,346.3K,2.8K,N/A
grammygoldofficia,Grammy Gold Official,Music & Dance,16.7M,Thailand,12.1K,198,19
IGNentertainment,IGN,Movies,16.5M,United States,65.8K,1.5K,150
Sun TV,Sun TV,,16.5M,India,92.1K,1.6K,32
TEDEducation,TED-Ed,Science & Technology,16.5M,United States,330.2K,15.1K,633
JasonDerulo,Jason Derulo,Music & Dance,16.5M,United States,73.9K,5.2K,81
Tu COSMOPOLIS,Tu COSMOPOLIS,Daily vlogs,16.5M,Mexico,211.1K,17.1K,1.2K
jquintanac5,DeToxoMoroxo,Movies,16.5M,Mexico,835.1K,37.5K,10.6K
LankyBox,LankyBox,Video games,16.5M,United States,1.1M,15.2K,500
Beast Reacts,Beast Reacts,,16.4M,United States,10.3M,345.4K,9.1K
etvteluguindia,etvteluguindia,,16.4M,India,35.1K,305,N/A
ArabGamesNetwork,شبكة العاب العرب | Arab Games Network,,16.4M,Algeria,318.3K,28.9K,1.1K
invictorgs3,invictor,Video games,16.4M,Mexico,2.9M,97.4K,2.2K
Vlad and Niki IDN,Vlad and Niki IDN,Music & Dance,16.3M,N/A,469.2K,2.5K,N/A
STARVIJAY,Vijay Television,,16.3M,India,358.5K,8.3K,111
TheBrianMaps,TheBrianMaps,Video games,16.3M,Russia,2.6M,314.6K,12.7K
Rafa & Luiz,Rafa & Luiz,Video games,16.3M,Brazil,579.7K,39.2K,1.4K
IDEAS EN 5 MINUTOS,IDEAS EN 5 MINUTOS,,16.3M,Mexico,28.9K,474,13
SUPER SLICK SLIME SAM,SUPER SLICK SLIME SAM,DIY & Life Hacks,16.2M,Mexico,228.2K,7.3K,268
Jane ASMR 제인,Jane ASMR 제인,Daily vlogs,16.1M,United States,438.7K,8.6K,498
AnittaOficial,Anitta,Music & Dance,16.1M,Brazil,316.4K,12.3K,488
jeffreestar,jeffreestar,Beauty,16.1M,United States,878.5K,36.7K,3.2K
Canal IN,Canal IN,Toys,16.1M,Brazil,26.2K,1.6K,16
Sandra Cires Art,Sandra Cires Art,,16.1M,Colombia,1.4M,76K,3.6K
iberethenorio,Manual do Mundo,Science & Technology,16.1M,Brazil,488.8K,69.8K,740
Antrax,Antrax,Video games,16.1M,Mexico,935.8K,88.1K,543
zbingzbing,zbing z.,Animation,15.9M,Thailand,657.3K,26.3K,1.1K
Kiddiestv Hindi - Nursery Rhymes & Kids Songs,Kiddiestv Hindi - Nursery Rhymes & Kids Songs,Education,15.9M,United States,67.3K,507,N/A
littlemixmusic,Little Mix,Music & Dance,15.9M,United States,104.2K,10K,160
Prajapati News,Prajapati News,,15.8M,India,46.3K,2.1K,95
Kaykai Salaider,Kaykai Salaider,Movies,15.7M,Thailand,1.4M,104K,8.2K
Kids Play,Kids Play,,15.7M,N/A,120.2K,957,N/A
boyceavenue,Boyce Avenue,Music & Dance,15.7M,Brazil,338.5K,8K,355
failarmy,FailArmy,Animation,15.7M,United States,2.2M,19.9K,642
Apple,Apple,,15.7M,N/A,4.3M,35K,N/A
DopeLyrics,DopeLyrics,Music & Dance,15.7M,United States,31.7K,615,50
DUDU e CAROL,DUDU e CAROL,Toys,15.7M,Brazil,1.4M,65.9K,142
queenofficial,Queen Official,Music & Dance,15.7M,United States,123.3K,4.2K,491
movieclipsTRAILERS,Movieclips Trailers,Movies,15.7M,United States,58.2K,903,74
MatthewPatrick13,The Game Theorists,Science & Technology,15.7M,United States,3.1M,163.8K,8.2K
lescopaque,Les' Copaque Production,,15.6M,Indonesia,350.1K,7.7K,99
Khan GS Research Centre,Khan GS Research Centre,Education,15.6M,India,9.1M,641.5K,44.7K
TRANSTVofficial,TRANS TV Official,Music & Dance,15.5M,Indonesia,373,5,N/A
SonyMusicSouthVEVO,SonyMusicSouthVEVO,Music & Dance,15.5M,India,110.2K,4.1K,40
RomanAtwoodVlogs,Roman Atwood Vlogs,Humor,15.5M,United States,677.4K,33.8K,1.2K
marquesbrownlee,Marques Brownlee,Science & Technology,15.5M,United States,2.9M,119.2K,6.5K
Village Cooking Channel,Village Cooking Channel,,15.5M,India,8.2M,254.8K,4.5K
vice,VICE,News & Politics,15.5M,United States,257.5K,5.6K,767
Aayu and Pihu Show,Aayu and Pihu Show,Movies,15.5M,India,4.3M,111.3K,7.7K
हिंदी - Genevieve's Playhouse,हिंदी - Genevieve's Playhouse,Education,15.5M,N/A,1.1M,9.4K,N/A
Kids Channel India - Hindi Rhymes and Baby Songs,Kids Channel India - Hindi Rhymes and Baby Songs,Music & Dance,15.5M,N/A,114.4K,731,N/A
tanboy kun,tanboy kun,Music & Dance,15.4M,Indonesia,2.2M,56.8K,2K
El Reino a Jugar,El Reino a Jugar,Toys,15.4M,N/A,317.3K,1.2K,N/A
Triggered Insaan,Triggered Insaan,Humor,15.4M,India,6.4M,800.9K,26.5K
monstafluffmusicTV,7clouds,Music & Dance,15.3M,United States,185.4K,3K,140
Dyland PROS,Dyland PROS,Music & Dance,15.3M,Indonesia,92.1K,7.7K,448
Camila Cabello,Camila Cabello,Music & Dance,15.3M,United States,109.4K,14.2K,146
JenniferLopez,Jennifer Lopez,Fashion,15.3M,United States,401.9K,12.1K,1.2K
MegatoadStonie,Matt Stonie,Food & Drinks,15.3M,United States,0,N/A,N/A
AdMe.ru - Сайт о творчестве,AdMe.ru - Сайт о творчестве,Animation,15.3M,Russia,51.9K,1.5K,83
Zappy Toons - Hindi Nursery Rhymes and Stories,Zappy Toons - Hindi Nursery Rhymes and Stories,Education,15.3M,N/A,120.6K,665,N/A
Blippi - Educational Videos for Kids,Blippi - Educational Videos for Kids,Education,15.3M,N/A,1.2M,4.3K,N/A
Ivana Alawi,Ivana Alawi,Daily vlogs,15.3M,Philippines,2.7M,122.6K,11K
Oyuncak Avı,Oyuncak Avı,,15.3M,N/A,126.2K,N/A,N/A
Jason Vlogs,Jason Vlogs,Toys,15.3M,N/A,273.1K,1.6K,N/A
portalfitdance,FitDance,Music & Dance,15.1M,Brazil,46.3K,1.3K,23
Kerajinan 5-Menit,Kerajinan 5-Menit,Music & Dance,15.1M,Indonesia,20.8K,221,10
TheRichest,TheRichest,News & Politics,15.1M,United States,17.3K,588,45
Goldmines Great Indian Comedy,Goldmines Great Indian Comedy,,15.1M,India,11.4K,122,6
popchartbusters,Pop Chartbusters,Music & Dance,15.1M,India,20.2K,366,21
OGatoGalactico,Gato Galactico | GALÁXIA,Toys,15.1M,Brazil,79.6K,4.7K,106
wifistudy,wifistudy,Education,15M,India,7.4K,645,15
ntvru,НТВ,News & Politics,15M,Russia,82.3K,901,216
Dhar Mann,Dhar Mann,Health & Self Help,15M,United States,6.2M,140.9K,6.3K
حِرف إبداعية في 5 دقائق,حِرف إبداعية في 5 دقائق,,14.9M,Egypt,22.6K,386,23
KSIOlajidebtHD,JJ Olatunji,Animation,14.9M,United States,4.8M,429.5K,9.6K
kwebbelkop,Kwebbelkop,Animation,14.9M,United States,218.8K,17.5K,882
RCTI - LAYAR DRAMA INDONESIA,RCTI - LAYAR DRAMA INDONESIA,Music & Dance,14.9M,Indonesia,26.1K,455,23
Junya Official Channel,Junya Official Channel,,14.9M,Japan,407.2K,2K,43
makeuplocalypse,Mariale,,14.9M,Mexico,241.3K,13.5K,475
ranziscool,Ranz Kyle,Humor,14.9M,Philippines,362.3K,15K,507
Makiman131,Makiman131,Video games,14.9M,Spain,393.8K,25.4K,795
Lachlan,Lachlan,Video games,14.9M,United States,864.6K,34.6K,935
IDEIAS INCRÍVEIS,IDEIAS INCRÍVEIS,,14.7M,Brazil,15.4K,331,9
IISuperwomanII,Lilly Singh,Animation,14.7M,United States,94.8K,6.6K,103
TalkingFriends,Talking Tom & Friends,Animation,14.7M,United States,445.8K,4.3K,N/A
CanalTaBombando,LEGENDA FUNK,Music & Dance,14.7M,Brazil,9.3K,529,22
Planeta das Gêmeas,Planeta das Gêmeas,Toys,14.7M,Brazil,531.2K,23.2K,22
Dave and Ava - Nursery Rhymes and Baby Songs,Dave and Ava - Nursery Rhymes and Baby Songs,Education,14.7M,N/A,449.1K,1.9K,N/A
5-Minute Crafts FAMILY,5-Minute Crafts FAMILY,,14.6M,United States,21.5K,242,12
Sony AATH,Sony AATH,,14.6M,Bangladesh,138K,3.2K,114
AMARINTV : อมรินทร์ทีวี,AMARINTV : อมรินทร์ทีวี,News & Politics,14.6M,Thailand,13.1K,148,21
Super Polina,Super Polina,,14.6M,N/A,40.2K,211,N/A
LOKESH GAMER,LOKESH GAMER,,14.5M,India,657.3K,85.7K,3.2K
News24page,News24,News & Politics,14.5M,India,9.5K,186,19
Niana Guerrero,Niana Guerrero,Music & Dance,14.5M,Philippines,732.4K,41K,1.6K
SriBalajiMovies,SriBalajiMovies,,14.5M,India,83.5K,2.2K,8
Drawblogs,Drawblogs,Movies,14.5M,Mexico,0,N/A,N/A
Sidemen,Sidemen,Video games,14.5M,United Kingdom,5.9M,276.4K,9.5K
zncoficial,Zé Neto e Cristiano,Music & Dance,14.5M,Brazil,5.3M,44K,643
Super Senya,Super Senya,Animation,14.5M,N/A,30.5K,152,N/A
newvolgavideo,Volga Video,,14.5M,India,2.9K,18,1
rkddigital,RKD Studios,Movies,14.5M,India,42.6K,870,39
hejproducao,Henrique e Juliano,Music & Dance,14.5M,Brazil,96.8K,4.1K,75
MattyBRaps,MattyBRaps,Music & Dance,14.5M,United States,512.6K,8K,413
collegehumor,CollegeHumor,Humor,14.5M,United States,194.6K,8.4K,360
popskids,POPS Kids,Animation,14.5M,Poland,15.9K,61,N/A
La Rosa de Guadalupe,La Rosa de Guadalupe,Animation,14.5M,Mexico,361K,3.2K,81
حقائق وأسرار,حقائق وأسرار,,14.5M,Egypt,26K,1.4K,89
LinusTechTips,Linus Tech Tips,Science & Technology,14.5M,United States,1.5M,63.5K,2.5K
T3DDYgames,T3ddy,Daily vlogs,14.4M,Brazil,1.1M,140.1K,5.6K
indiancomedy,Shemaroo Comedy,,14.3M,India,248.3K,2.2K,27
XpressTV,XpressTV,Science & Technology,14.3M,Mexico,1.5M,62.2K,764
Harsh Beniwal,Harsh Beniwal,Movies,14.3M,India,11.6M,1.3M,55.4K
Like Nastya IDN,Like Nastya IDN,Music & Dance,14.3M,N/A,301.7K,N/A,N/A
bbtvch7,Ch7HD,,14.3M,Thailand,12.7K,235,4
chadwildclay,Chad Wild Clay,Movies,14.3M,United States,2.3M,43.8K,7.4K
iTownGamePlay,iTownGamePlay *Terror&Diversión*,News & Politics,14.3M,Mexico,131.2K,6.2K,340
MartinGarrix,Martin Garrix,Music & Dance,14.3M,United States,59.6K,1.9K,125
Canal Nostalgia,Canal Nostalgia,Science & Technology,14.3M,Brazil,265.1K,36.8K,536
With Kids[위드키즈],With Kids[위드키즈],,14.3M,United States,368.3K,N/A,N/A
theslowmoguys,The Slow Mo Guys,Education,14.3M,United States,1.2M,72.7K,3.2K
LEGO,LEGO,Design/art,14.3M,United States,21.5K,84,N/A
mkmusicnews,MK MUSIC,Music & Dance,14.2M,Brazil,53.3K,2.8K,122
Daftar Populer,Daftar Populer,News & Politics,14.1M,Indonesia,139.3K,2.9K,224
Mobile Legends: Bang Bang Official,Mobile Legends: Bang Bang Official,Movies,14.1M,Indonesia,259.3K,2.4K,21
OfficialTrapCity,Trap City,Music & Dance,14.1M,United States,44.4K,1.8K,77
inventonahoratv,Invento na Hora,,14.1M,Brazil,1.2M,152.9K,1.7K
And TV,And TV,,14.1M,India,15.2K,276,8
PlayStation,PlayStation,,14.1M,United States,24.5K,748,89
camilaloures,Camila Loures,Food & Drinks,14.1M,Brazil,310.4K,28.2K,456
Genierock,Genierock,Music & Dance,14.1M,Thailand,16.5K,340,20
Fede Vigevani,Fede Vigevani,,14.1M,Mexico,3M,230.2K,9K
It's Mamix,It's Mamix,DIY & Life Hacks,14.1M,Russia,2.8M,276.3K,14.9K
#Refugio Mental,#Refugio Mental,,14.1M,Mexico,745.6K,8.1K,125
Gyan Gamingㅤ,Gyan Gamingㅤ,,13.9M,India,581.3K,70.9K,1.1K
Maha Fun Tv,Maha Fun Tv,,13.9M,India,9.1M,46.8K,946
Johny FamilyShow,Johny FamilyShow,,13.9M,N/A,170.7K,681,N/A
Arif muhammad,Arif muhammad,Music & Dance,13.9M,Indonesia,3M,93.5K,3.2K
AM3NlC,AM3NlC,Food & Drinks,13.9M,Brazil,215.9K,24.5K,266
GMMTVSPOTLIKE,GMMTV OFFICIAL​​,Movies,13.9M,Thailand,26.5K,779,29
NikkieTutorials,NikkieTutorials,Design/art,13.9M,United States,821.1K,55.7K,2.6K
MasterskayaNastroeny,Мастерская Настроения,,13.9M,Russia,390.4K,8.2K,203
MRamadanOfficial,Mohamed Ramadan I محمد رمضان,Music & Dance,13.9M,Egypt,761.5K,28.2K,1.8K
F2Freestylers,F2Freestylers - Ultimate Soccer Skills Channel,Sports,13.9M,United Kingdom,208.3K,9.4K,111
BollywoodClassics,Bollywood Classics,Music & Dance,13.9M,India,40.4K,329,15
Smile Family Spanish,Smile Family Spanish,Animation,13.9M,N/A,1.1M,7.6K,N/A
WWWengie,Wengie,DIY & Life Hacks,13.9M,United States,84.8K,5.7K,170
thairathonline,Thairath Online,News & Politics,13.9M,Thailand,25.5K,328,33
Sourav Joshi Vlogs,Sourav Joshi Vlogs,Daily vlogs,13.9M,India,6.3M,571.5K,17K
TeamFilmsBhojpuri,Team Films Bhojpuri,Music & Dance,13.8M,India,8.2K,229,46
SOMOY TV,SOMOY TV,Daily vlogs,13.8M,Bangladesh,8.6K,179,15
bbchindi,BBC News Hindi,News & Politics,13.7M,India,235.7K,N/A,336
Anasala I أنس و أصالة,Anasala I أنس و أصالة,,13.7M,Egypt,2.8M,189.5K,6.3K
Zach Choi ASMR,Zach Choi ASMR,Daily vlogs,13.7M,United States,765.6K,40K,1.3K
MAIKI021,MAIKI021,Autos & Vehicles,13.7M,Brazil,38.5K,5.7K,177
bomberball,Bie The Ska,,13.7M,Thailand,892.8K,30.9K,713
Doc Tops,Doc Tops,News & Politics,13.7M,Mexico,1.4M,75.7K,2.2K
mispastelitosyoutub,Mis Pastelitos,Food & Drinks,13.7M,Mexico,2.3M,109.6K,3.6K
CH8vdo,ช่อง8 : Thai Ch8,,13.7M,Thailand,6.8K,115,3
Трум Трум,Трум Трум,Humor,13.7M,Russia,450.8K,6.1K,205
vetealaversha,Darkar Company Studios,Animation,13.7M,Mexico,416.1K,48.8K,678
ndtvindia,NDTV India,News & Politics,13.6M,India,20K,605,71
dangmattsmith,Dang Matt Smith,Animation,13.5M,United States,287.9K,9.3K,642
O Canal do Joãozinho - Little Angel Português,O Canal do Joãozinho - Little Angel Português,Animation,13.5M,N/A,805.2K,5.7K,N/A
zeefilmimusic,Zee Music Classic,Music & Dance,13.5M,India,27.7K,205,22
Kurt Hugo Schneider,Kurt Hugo Schneider,,13.5M,United States,48.8K,2.8K,80
AzzyLand,AzzyLand,Animation,13.5M,United States,198.5K,7.3K,455
TWICE,TWICE,Music & Dance,13.5M,Philippines,793.7K,78.1K,2.6K
The World Adventures हिन्दी,The World Adventures हिन्दी,Daily vlogs,13.5M,India,46.7K,2.5K,60
NehaKakkarOfficial,Neha Kakkar,Music & Dance,13.5M,India,0,N/A,N/A
Zach King,Zach King,Humor,13.5M,United States,1.2M,82.3K,1K
Daily Dose Of Internet,Daily Dose Of Internet,Animals & Pets,13.5M,United States,4.5M,265.1K,8.6K
laharimusic,Lahari Music | T-Series,Music & Dance,13.5M,India,54.9K,2.1K,56
TheABSCBNNews,ABS-CBN News,News & Politics,13.4M,Philippines,4.5K,47,6
CNN,CNN,News & Politics,13.4M,United States,239.2K,3.1K,2.9K
NOBRU,NOBRU,Video games,13.3M,Brazil,109.7K,12.2K,285
fcbarcelona,FC Barcelona,Sports,13.3M,India,207.5K,13.2K,356
A2 Motivation {Arvind Arora},A2 Motivation {Arvind Arora},,13.3M,India,543.2K,62.5K,531
crashcourse,CrashCourse,Science & Technology,13.3M,United States,47.6K,1.7K,37
UFC,UFC - Ultimate Fighting Championship,Sports,13.3M,United States,155.2K,2.9K,347
infobells,infobells,Education,13.3M,N/A,16.6K,82,N/A
pognalishow,Дима Масленников,Video games,13.3M,Russia,4.8M,436.9K,14.3K
TazerCraft,TazerCraft,Animation,13.3M,Brazil,352.8K,26.8K,532
GallinaPintadita,Gallina Pintadita,Animation,13.3M,N/A,403.9K,2.3K,N/A
elcanaldePlimPlim,Plim Plim - Kids Songs & Episodes - Spanish,Music & Dance,13.3M,N/A,831.3K,4.9K,N/A
RosannaPansino,Rosanna Pansino,Food & Drinks,13.3M,United States,206K,8.4K,102
Online Job,Online Job,,13.3M,India,10.1K,305,51
Kuplinov ► Play,Kuplinov ► Play,Video games,13.3M,Russia,1.2M,67.7K,2.5K
EdisonPts,EdisonPts,Video games,13.3M,Russia,2M,153.8K,7.6K
MNCTVOfficial,MNCTV Official,Music & Dance,13.2M,Indonesia,4.1K,126,6
Totoy kids - Español,Totoy kids - Español,Toys,13.1M,N/A,165.9K,1K,N/A
The LaBrant Fam,The LaBrant Fam,Music & Dance,13.1M,United States,792.5K,25.7K,N/A
Bizarrap,Bizarrap,Music & Dance,13.1M,Argentina,80.5M,5.6M,313.6K
Wow Kidz Action,Wow Kidz Action,,13.1M,N/A,1.2M,9.6K,N/A
AtlanticVideos,Atlantic Records,Music & Dance,13.1M,United States,9.6K,325,17
Blippi Español,Blippi Español,Toys,13.1M,N/A,891.8K,3.8K,N/A
CoryxKenshin,CoryxKenshin,Video games,13.1M,United States,4.7M,338.8K,20.6K
theRadBrad,theRadBrad,Video games,13.1M,United States,186.4K,8.8K,613
mymissanand,MyMissAnand,Movies,13.1M,India,2.1M,80.9K,1.2K
Narins Beauty,Narins Beauty,,13.1M,Iraq,2.7M,267.2K,8.8K
TV Ana Emilia,TV Ana Emilia,Fashion,13.1M,Mexico,425.6K,14.1K,1.4K
iloveindianmakeup,Anaysa,Humor,13.1M,India,933.6K,38K,1.4K
Auron,Auron,Video games,13.1M,Mexico,2.2M,137.7K,1.7K
Unspeakable,Unspeakable,Video games,13M,United States,1.9M,39.3K,2.2K
narendramodionline,NMF News,News & Politics,13M,India,6.2K,123,18
Zig & Sharko,Zig & Sharko,,12.9M,N/A,375.3K,2.6K,N/A
The Shiny Peanut,The Shiny Peanut,,12.9M,Indonesia,35.7K,752,48
djzoi0,Everson Zoio,Humor,12.9M,Brazil,631K,80.1K,2.8K
Fun For Kids TV - Hindi Rhymes,Fun For Kids TV - Hindi Rhymes,,12.9M,N/A,0,N/A,N/A
50CentMusic,50 Cent,Music & Dance,12.9M,United States,100.7K,5.8K,431
News18 India,News18 India,News & Politics,12.9M,India,2.7K,51,7
MattSDance,Matt Steffanina,Music & Dance,12.9M,United States,124.5K,7.8K,104
SaturdayNightLive,Saturday Night Live,Movies,12.9M,United States,1.1M,19.2K,858
MrSuicideSheep,MrSuicideSheep,,12.9M,United States,94.4K,4K,100
YOLO,YOLO,,12.9M,Mexico,267.1K,26.2K,1.9K
MrBeast Shorts,MrBeast Shorts,Daily vlogs,12.9M,United States,0,N/A,N/A
SrtaLynaV,Lyna,Animation,12.9M,Argentina,737.1K,37.7K,1.7K
MazhavilManorama,Mazhavil Manorama,,12.8M,India,22.3K,332,10
Desi Gamers,Desi Gamers,,12.7M,India,727.8K,94.7K,3.8K
ChallengeAcceptedInc,Aphmau,Animation,12.7M,United States,3.9M,84.6K,4.2K
The Q,The Q,,12.7M,United States,128.6K,4.9K,228
Aadishakti Films,Aadishakti Films,Music & Dance,12.7M,India,39K,1.4K,152
O Que Não Dizer Oficial,O Que Não Dizer Oficial,,12.7M,Brazil,113.5K,14.3K,53
skillzaisherebooya,Conor Maynard,Music & Dance,12.7M,United States,305.8K,21.4K,578
twentyonepilots,twenty one pilots,Music & Dance,12.7M,United States,1.7M,153.9K,7.2K
#Refúgio Mental,#Refúgio Mental,,12.7M,Brazil,471.8K,10.3K,87
ABCNews,ABC News,News & Politics,12.7M,United States,12K,191,139
DALLMYD,DALLMYD,Mystery,12.7M,United States,322.7K,12.4K,735
PozzitifonShow,Поззи,Video games,12.7M,Russia,1.4M,87.7K,4.7K
1032010814,TKOR,DIY & Life Hacks,12.7M,United States,107.1K,3.8K,256
typicalgamer,Typical Gamer,Video games,12.7M,United States,804.4K,14.3K,474
123 GO! Spanish,123 GO! Spanish,Toys,12.7M,Mexico,888K,11.8K,235
Like Nastya VNM,Like Nastya VNM,,12.7M,N/A,666.4K,N/A,N/A
Health Time,Health Time,Daily vlogs,12.6M,India,12.6K,467,16
Dangal TV Channel,Dangal TV Channel,,12.6M,India,332.4K,2.6K,19
Wish 107.5,Wish 107.5,Music & Dance,12.6M,Philippines,146.8K,4.4K,372
RedeTVhdBrasil,RedeTV,News & Politics,12.6M,Brazil,2.7K,74,3
NishaMadhulika,Nisha Madhulika,Food & Drinks,12.5M,India,220.6K,5.2K,934
ETV Jabardasth,ETV Jabardasth,,12.5M,India,192.6K,2.7K,44
ETV Jabardasth,ETV Jabardasth,,12.5M,India,192.6K,2.7K,44
canalparafernalha,Parafernalha,,12.5M,Brazil,50.8K,4.4K,49
Knowledge Tv हिन्दी,Knowledge Tv हिन्दी,Education,12.5M,India,158.7K,9.4K,468
JDCav24,ATHLEAN-X™,Fitness,12.5M,United States,395.6K,19K,693
MusicTalentNow,Top Viral Talent,,12.5M,United States,19.9K,401,22
Vlad and Niki ARA,Vlad and Niki ARA,,12.5M,N/A,457.2K,3.8K,N/A
React,People Vs Food,Food & Drinks,12.5M,United States,464.2K,18K,1K
zeetvtelugu,Zee Telugu,,12.5M,India,128.3K,1.3K,12
PrestonPlayz,PrestonPlayz,Video games,12.5M,United States,2.1M,48.8K,4K
BUDI01 GAMING,BUDI01 GAMING,Video games,12.5M,Indonesia,1.1M,91.5K,7.1K
MstrJames,Hacksmith Industries,DIY & Life Hacks,12.5M,United States,896.7K,46.3K,1.8K
Blossom,Blossom,,12.4M,United States,111K,2.2K,33
JesseAndMike,JesseAndMike,Humor,12.4M,United States,523.8K,6.6K,152
LOUD,LOUD,,12.3M,Brazil,138.5K,15.5K,53
Hongyu ASMR 홍유,Hongyu ASMR 홍유,ASMR,12.3M,United States,1.3M,15.6K,646
Taarak Mehta Ka Ooltah Chashmah,Taarak Mehta Ka Ooltah Chashmah,,12.3M,India,701.3K,10.8K,151
htpunjabi,Lokdhun Punjabi,Music & Dance,12.3M,India,16.2K,346,8
Piuzinho,Piuzinho,Video games,12.3M,Brazil,233.3K,45.8K,625
DisneyChannelUK,DisneyChannelUK,,12.3M,Singapore,0,N/A,N/A
Meghan Trainor,Meghan Trainor,Music & Dance,12.3M,United States,11.4K,564,35
Juliana Baltar,Juliana Baltar,Toys,12.3M,Brazil,286.6K,18.6K,335
5-Minute Crafts Recycle,5-Minute Crafts Recycle,,12.3M,India,102.3K,855,25
أترو/Atro,أترو/Atro,,12.3M,Iraq,521K,71.6K,9.9K
alanalan9635,Stokes Twins,Humor,12.3M,United States,9.9M,281.5K,19.4K
BBC,BBC,,12.3M,United Kingdom,40.7K,673,87
AdexeOficial,Adexe & Nau,Music & Dance,12.3M,Mexico,38.3K,4.4K,367
gymvirtual,gymvirtual,Music & Dance,12.3M,Mexico,76.4K,3.5K,89
einerdtv,Ei Nerd,Movies,12.3M,Brazil,265.4K,42.3K,1.2K
Alex Gonzaga Official,Alex Gonzaga Official,Music & Dance,12.3M,Philippines,2.9M,116.6K,2.9K
Gibby :),Gibby :),Daily vlogs,12.3M,Mexico,582.6K,28.4K,1.8K
LittleBabyBumEspanol,Little Baby Bum en Español,Autos & Vehicles,12.3M,N/A,98.2K,N/A,N/A
Melon City Show - برنامج ولاية بطيخ,Melon City Show - برنامج ولاية بطيخ,,12.3M,Iraq,405.6K,24.4K,496
Troom Troom PT,Troom Troom PT,Toys,12.3M,Brazil,201.4K,4.7K,58
Jake Fellman,Jake Fellman,,12.3M,United States,857.6K,36.7K,167
jazzghost1,Jazzghost,Animation,12.3M,Brazil,758.7K,55.9K,2K
Like Nastya Stories,Like Nastya Stories,,12.3M,N/A,166.2K,1.2K,N/A
Bela Bagunça,Bela Bagunça,Toys,12.3M,Brazil,74.8K,4.4K,148
tseriesregional,T-Series Regional,Music & Dance,12.1M,India,6.9K,148,18
Brawl Stars,Brawl Stars,Animation,12.1M,United States,6.4M,181.2K,6.9K
Crescendo com Luluca,Crescendo com Luluca,Toys,12.1M,Brazil,1.3M,52.8K,4.4K
PowerfulJRE,PowerfulJRE,Daily vlogs,12.1M,United States,498.9K,14.7K,1.8K
bbcnews,BBC News,News & Politics,12.1M,United Kingdom,236.2K,3.3K,1.8K
JustForLaughsTV,Just For Laughs Gags,,12.1M,India,66.4K,1.2K,46
NORMAN FAIT DES VIDÉOS,NORMAN FAIT DES VIDÉOS,Animation,12.1M,France,1.8M,168.2K,6.9K
GoldClassics,Goldmines Premiere,,12.1M,N/A,9.9K,154,N/A
awakeningrecords,Awakening Music,Music & Dance,12.1M,Indonesia,16.8K,1.2K,60
OficialPeppa,Peppa Pig em Português Brasil - Canal Oficial,Toys,12.1M,N/A,634.6K,4.1K,N/A
zeebangla,Zee Bangla,,12M,India,43.9K,476,7
MY FAMILY,MY FAMILY,,11.9M,India,1.1M,6.7K,208
Kabita's Kitchen,Kabita's Kitchen,,11.9M,India,298.8K,7.3K,768
KaKa Kids TV - Nursery Rhymes Kids Animated Songs,KaKa Kids TV - Nursery Rhymes Kids Animated Songs,,11.9M,N/A,15.2K,64,N/A
EU FICO LOKO,EU FICO LOKO,,11.9M,Brazil,9.7K,988,11
Zeinab Harake,Zeinab Harake,Daily vlogs,11.9M,Philippines,1.3M,71.2K,1.8K
OReinho,O Reino Infantil,Music & Dance,11.9M,N/A,109.3K,489,N/A
HZHtube Kids Fun,HZHtube Kids Fun,Toys,11.9M,N/A,491.2K,3.1K,N/A
HusamYK,Katakit Baby TV,Music & Dance,11.9M,Saudi Arabia,179.9K,1.6K,N/A
MrGear,MrGear,,11.9M,United States,44.7K,587,47
Migosatl,Migos ATL,Music & Dance,11.9M,United States,3.3M,131K,5.3K
TheDaniRep,DaniRep | +6 Vídeos Diarios De GTA 5 Online!,Animation,11.9M,Mexico,349.9K,19.5K,346
colinfurze,colinfurze,DIY & Life Hacks,11.9M,United States,1.1M,36.8K,1.1K
Planet Earth INDIA,Planet Earth INDIA,Daily vlogs,11.9M,India,459.8K,18.1K,460
karameeshchannel,karameeshchannel,Music & Dance,11.9M,N/A,389.3K,2.9K,N/A
RayWilliamJohnson,Ray William Johnson,,11.9M,United States,4M,356.5K,1.8K
Lulu99,Lulu99,,11.9M,Colombia,591.6K,39.8K,2.8K
Dear Sir,Dear Sir,Education,11.9M,India,261.4K,15.6K,1.2K
officialjassrecords,Jass Records,Music & Dance,11.8M,India,223.8K,3.5K,410
YairAuriazul,Yair17,,11.8M,Mexico,324.2K,37.6K,972
disneyjunior,Disney Junior,Music & Dance,11.8M,N/A,92.5K,270,N/A
ГЛЕНТ,ГЛЕНТ,Video games,11.8M,Russia,3.3M,281.7K,9.5K
Study IQ education,Study IQ education,Education,11.7M,India,11.4K,519,12
Más SKabeche,Más SKabeche,,11.7M,Mexico,793.9K,46.9K,945
My Mate Nate,My Mate Nate,,11.7M,Thailand,1.4M,53.8K,2K
FrontaL Gaming,FrontaL Gaming,Animation,11.7M,Indonesia,490.8K,35.5K,1.8K
Blockbuster Movies,Blockbuster Movies,Daily vlogs,11.7M,India,118.5K,1.1K,23
JOJO TV - Hindi Stories,JOJO TV - Hindi Stories,,11.7M,India,122.2K,833,N/A
AvrilLavigne,Avril Lavigne,Music & Dance,11.7M,United States,2.8M,130.4K,6.5K
Dani Russo Tv,Dani Russo Tv,Music & Dance,11.7M,Brazil,10.9K,1.4K,121
Wolfoo Channel,Wolfoo Channel,Toys,11.7M,N/A,1.1M,6.2K,N/A
MORGENSHTERN,MORGENSHTERN,Humor,11.7M,Russia,11M,789.9K,54.8K
rebeccazamolo1,Rebecca Zamolo,Video games,11.7M,United States,2.8M,70.6K,6.9K
Ice Cream Rolls,Ice Cream Rolls,,11.7M,United States,50.4K,2.2K,112
TommyInnit,TommyInnit,Animation,11.7M,United States,3.4M,294.6K,14.4K
Morgz,Morgz,Video games,11.7M,United States,0,N/A,N/A
TheInfographicsShow,The Infographics Show,Education,11.7M,United States,348.8K,10.3K,764
1veritasium,Veritasium,Science & Technology,11.7M,United States,3.9M,169.3K,7.8K
Come Play With Me,Come Play With Me,Toys,11.7M,N/A,2.7M,N/A,N/A
hamaarbhojpuri,T-Series Hamaar Bhojpuri,Music & Dance,11.7M,India,13.5K,177,17
Troom Troom India,Troom Troom India,,11.7M,India,452.9K,5.1K,230
YOLO AVENTURAS,YOLO AVENTURAS,Daily vlogs,11.6M,Colombia,838.4K,74.9K,7K
TheDodoSite,The Dodo,Animals & Pets,11.6M,United States,608.9K,22.9K,812
Panda,Panda,Animation,11.6M,India,1.1M,103.7K,1.9K
Troom Troom Indonesia,Troom Troom Indonesia,Toys,11.6M,Indonesia,256.7K,2.5K,96
RaptorGamer,RaptorGamer,Video games,11.5M,Mexico,741.4K,46.5K,1.5K
CrazyRussianHacker,CrazyRussianHacker,DIY & Life Hacks,11.5M,United States,75.1K,2.3K,139
Kluna Tik,Kluna Tik,,11.5M,United States,442.1K,5.4K,367
Codiscos,Codiscos,Music & Dance,11.5M,Colombia,9.4K,195,7
Garena Free Fire LATAM,Garena Free Fire LATAM,,11.5M,Mexico,277.5K,6.1K,222
LIV Crime,LIV Crime,Daily vlogs,11.5M,India,271.6K,2.6K,72
hoiitsroi,Wassabi,Humor,11.5M,United States,692.4K,47.6K,4.8K
Nat and Essie,Nat and Essie,Toys,11.5M,N/A,289.2K,1.8K,N/A
thinkmusicindia,Think Music India,Music & Dance,11.5M,India,75.4K,3.2K,106
The MriDul,The MriDul,,11.5M,India,8.9M,293K,10.3K
BanderitaX,BanderitaX,Animation,11.5M,Saudi Arabia,1.4M,101.2K,3.8K
Americanvogue,Vogue,Fashion,11.5M,United States,324.2K,13.3K,412
luansantanaoficial,Luan Santana,Music & Dance,11.5M,Brazil,3.4M,54.9K,4.7K
FIFATV,FIFA,Sports,11.5M,United States,63.4K,1.9K,152
Davie504,Davie504,Music & Dance,11.5M,United States,2M,194.4K,1.4K
Mor Haryanvi,Mor Haryanvi,Music & Dance,11.5M,India,3.3M,49K,6.3K
ExpCaseros,ExpCaseros,DIY & Life Hacks,11.5M,Spain,54.1K,2.3K,98
TsMadaan,TsMadaan,Education,11.5M,India,64.1K,1.5K,102
Koo Koo TV - Hindi,Koo Koo TV - Hindi,,11.5M,India,442.7K,4.5K,88
CHHOTU KI MASTI,CHHOTU KI MASTI,,11.5M,India,5M,47.3K,757
Mythpat,Mythpat,,11.5M,India,3M,310.4K,11.7K
ndtv,NDTV,News & Politics,11.4M,India,4.9K,84,19
Ya - Alisa,Ya - Alisa,,11.3M,N/A,28.6K,126,N/A
Coke Studio,Coke Studio,Music & Dance,11.3M,Pakistan,185.3K,5.4K,208
DeGoBooM,DeGoBooM,Video games,11.3M,Mexico,426K,16.3K,263
htbhakti,Sonotek Bhakti,Music & Dance,11.3M,India,101.8K,149,55
MrTimbaVk,Timba Vk,Video games,11.3M,Mexico,1.5M,63.8K,1.6K
Yudist Ardhana,Yudist Ardhana,Video games,11.3M,Indonesia,330.4K,11.2K,451
elrubius,Rubius Z,Video games,11.3M,Argentina,2.3M,194.6K,2.2K
Trakin Tech,Trakin Tech,News & Politics,11.3M,India,283.1K,21.9K,1.1K
FelipeViktor,LipaoGamer,Animation,11.3M,Brazil,164.5K,12.4K,168
CaptainSparklez,CaptainSparklez,Video games,11.3M,United States,111.2K,8K,436
ماشا و الدب,ماشا و الدب,Animation,11.3M,N/A,1.3M,11.6K,N/A
MBCMASR,MBC مصر,,11.3M,Egypt,2.7K,51,4
eltreceok,El Trece,News & Politics,11.3M,Argentina,3.6K,40,7
Infobells Bangla,Infobells Bangla,Education,11.3M,N/A,529.2K,2.3K,N/A
MTV2,Wild 'N Out,Music & Dance,11.3M,United States,221K,4.7K,180
DANIEL EL TRAVIESO VIDEOS,DANIEL EL TRAVIESO VIDEOS,Animation,11.3M,Colombia,959.7K,32.2K,1.2K
UnspeakableGaming,UnspeakableGaming,Video games,11.3M,United States,857.5K,16.5K,783
luzugames,luzugames,Video games,11.3M,Mexico,0,N/A,N/A
lokdhuntv,Wave Music Bhakti,Music & Dance,11.3M,India,7K,106,16
gmanews,GMA News,News & Politics,11.3M,Philippines,4.9K,50,12
Sony Music South,Sony Music South,Music & Dance,11.3M,India,265.3K,5.5K,135
VyQwaint,Vy Qwaint,Video games,11.2M,United States,2.2M,43.2K,7K
Wolfoo Family,Wolfoo Family,Animation,11.2M,N/A,1.5M,9K,N/A
KompasTVNews,KOMPASTV,News & Politics,11.2M,Indonesia,5.2K,37,22
MaJa Tv Hindi Stories,MaJa Tv Hindi Stories,,11.2M,India,518.7K,5.5K,110
Hero Movies 2022,Hero Movies 2022,Daily vlogs,11.1M,India,177.7K,1.2K,22
Rauw Alejandro,Rauw Alejandro,Music & Dance,11.1M,Peru,0,N/A,N/A
الجانب المُشرق | Bright Side Arabic,الجانب المُشرق | Bright Side Arabic,,11.1M,Egypt,24.2K,744,44
123 GO!,123 GO!,Humor,11.1M,United States,656K,5.9K,183
TastyCompot,Compot,Video games,11.1M,Russia,1.7M,74.4K,2.9K
办公室小野 Ms Yeah,办公室小野 Ms Yeah,,11.1M,United States,232.6K,20K,61
epicfortnite,Fortnite,Video games,11.1M,United States,321.3K,10.3K,433
Magic Five,Magic Five,Video games,11.1M,Russia,4M,230.2K,17.1K
Biperysusamigos,Biper y sus Amigos,Music & Dance,11.1M,N/A,539.5K,N/A,N/A
crackrockcandy,Maymo,,11.1M,United States,328.2K,1.3K,67
FirstWeFeast,First We Feast,Food & Drinks,11.1M,United States,308.2K,14.1K,689
realannoyingorange,Annoying Orange,Animation,11.1M,United States,121.5K,2.8K,361
ElRinconDeGiorgio,El Rincón De Giorgio,Video games,11.1M,Spain,1.8M,170.4K,3.1K
ExplosmEntertainment,ExplosmEntertainment,Movies,11.1M,United States,711.2K,45.2K,2.2K
Jaiden Animations,Jaiden Animations,,11.1M,United States,5.6M,602.7K,94.3K
Emily Tube,Emily Tube,Animation,11.1M,N/A,0,N/A,N/A
yogawithadriene,Yoga With Adriene,Fitness,11.1M,United States,952K,19.7K,702
Mo Vlogs,Mo Vlogs,Humor,11.1M,India,401.5K,24.2K,909
Star Casablanca | نجوم الدار البيضاء,Star Casablanca | نجوم الدار البيضاء,Music & Dance,11.1M,Iraq,46.5K,2.2K,164
BBCEarth,BBC Earth,Animals & Pets,11.1M,United States,87.7K,2.5K,192
Morphle TV,Morphle TV,Animation,11.1M,N/A,112.1K,N/A,N/A
Free Fire India Official,Free Fire India Official,Animation,11.1M,India,177.7K,15.6K,821
YMWayneCarter,Lil Wayne,Music & Dance,11.1M,United States,2M,100.1K,4.8K
GoldminesAction,GoldminesAction,,11.1M,N/A,8.4K,116,N/A
coisadenerd,Coisa de Nerd,Design/art,11.1M,Brazil,1.1M,126.1K,3.7K
Vlad and Niki ESP,Vlad and Niki ESP,Toys,11.1M,N/A,1.5M,8.1K,N/A
Alejo Igoa,Alejo Igoa,DIY & Life Hacks,11M,Argentina,4.1M,142.2K,4K
Simone e Simaria,Simone e Simaria,Music & Dance,10.9M,Brazil,2.4M,57.2K,1.7K
YoungBoy Never Broke Again,YoungBoy Never Broke Again,Music & Dance,10.9M,United States,7.6M,274.7K,23.2K
TheViralFeverVideos,The Viral Fever,Movies,10.9M,India,1.9M,89.4K,3K
hawkrecord,Single Track Studio,Music & Dance,10.9M,India,989.2K,29.8K,439
Avocado Couple I Crazy Comics,Avocado Couple I Crazy Comics,,10.9M,United States,579.1K,5.3K,83
mirandasings08,Miranda Sings,Humor,10.9M,United States,153.9K,10.3K,1.1K
watchcut,Cut,Humor,10.9M,United States,409.6K,16.9K,762
oyabakatousan,"Sen, Momo, Ai & Shii's Channel",Daily vlogs,10.9M,N/A,92.5K,340,N/A
pocoyotv,POCOYÓ en ESPAÑOL - Canal Oficial,,10.9M,N/A,130.1K,1.4K,N/A
MashaBearUkraine,Маша та Ведмідь,Education,10.9M,N/A,218.6K,1.2K,N/A
chotoonz,Chotoonz TV - Funny Cartoons for Kids,,10.9M,N/A,79.6K,N/A,N/A
Луномосик,Луномосик,Video games,10.9M,Russia,2.5M,83.9K,2.9K
barbie,Barbie,,10.9M,N/A,161.9K,365,N/A
Technology Gyan,Technology Gyan,,10.9M,India,331.2K,26.4K,1.4K
TygaTygaTV,Tyga,Music & Dance,10.9M,United States,45.6K,3.1K,83
comedycentral,Comedy Central,Humor,10.9M,United States,42.4K,924,50
DemolitionRanch,DemolitionRanch,Video games,10.9M,United States,1.6M,75.4K,5.4K
RapGeniusVideo,Genius,Music & Dance,10.9M,United States,52.1K,2.2K,144
WiederDude,WiederDude,,10.9M,United States,863K,17.6K,418
E-MasterSensei,E-MasterSensei,Animation,10.9M,Mexico,1.5M,103.2K,1.3K
CarryisLive,CarryisLive,,10.9M,India,916.9K,84.1K,389
Juanpa Zurita,Juanpa Zurita,,10.9M,Mexico,1.9M,149.4K,4.2K
BakLol Video,BakLol Video,Movies,10.9M,India,1.4M,33.4K,1.8K
HellomaphieMX,HellomaphieMX,DIY & Life Hacks,10.9M,Mexico,654.4K,76K,284
Levinho,Levinho,,10.9M,India,304.1K,29.3K,850
jpgameplayfull,JP Plays,Video games,10.9M,Brazil,112.7K,6K,207
Dan Rhodes,Dan Rhodes,Animation,10.8M,India,334.1K,29.6K,211
geonews,Geo News,News & Politics,10.8M,Pakistan,3.8K,53,5
ToysPlay,ToysPlay,Animation,10.7M,N/A,183.4K,1.1K,N/A
bharatzkitchen HINDI,bharatzkitchen HINDI,,10.7M,India,232.9K,6K,199
Área Secreta,Área Secreta,DIY & Life Hacks,10.7M,Brazil,0,N/A,N/A
Virgínia Fonseca,Virgínia Fonseca,Daily vlogs,10.7M,Brazil,922.6K,78.6K,1.4K
programagalofrito,Galo Frito,,10.7M,Brazil,7.7K,777,19
FilmTheorists,The Film Theorists,Movies,10.7M,United States,2.2M,110.3K,5.5K
videogyan,Videogyan Nursery Rhymes - Kids Songs & Cartoons,Animation,10.7M,N/A,69K,318,N/A
GamesEduUu,Games EduUu,Movies,10.7M,Brazil,1.5M,218.1K,7.7K
MC Divertida,MC Divertida,Music & Dance,10.7M,N/A,230.3K,2K,N/A
kidstvindia,Kids TV India Hindi Nursery Rhymes,Education,10.7M,N/A,69.7K,327,N/A
TiempodeSol,Duo Tiempo De Sol,Music & Dance,10.7M,N/A,423.7K,1.6K,N/A
"Baby Big Mouth Kids - Sing, Dance, Explore","Baby Big Mouth Kids - Sing, Dance, Explore",Animation,10.7M,N/A,1K,18,N/A
Quantum Tech HD,Quantum Tech HD,,10.7M,United States,1.2M,7.2K,109
ComedyShortsGamer,Deji,Animation,10.7M,United Kingdom,1.5M,50.7K,3.2K
HikakinTV,HikakinTV,Music & Dance,10.7M,Japan,1.2M,42.6K,1.8K
storybots,Netflix Jr.,Animation,10.7M,N/A,38.6K,105,N/A
GoProCamera,GoPro,Sports,10.7M,United States,55.3K,2.1K,59
Slogomanify,Slogo,Video games,10.7M,United States,387.1K,17.8K,424
tomiii 11,tomiii 11,Daily vlogs,10.7M,Mexico,78.5K,9.7K,445
Narendra Modi,Narendra Modi,Science & Technology,10.7M,India,31.5K,1.8K,133
Dobre Brothers,Dobre Brothers,Humor,10.7M,United States,284.4K,10.2K,381
OGGY,OGGY,,10.7M,N/A,504.3K,5.5K,N/A
OYUNCAKOYNUYORUM,OYUNCAKOYNUYORUM,,10.7M,N/A,311.2K,1.1K,N/A
Experienced Mojaraba TV,Experienced Mojaraba TV,Health & Self Help,10.7M,United States,190.7K,5.2K,128
rangeldovine,Lucas Rangel,,10.6M,Brazil,169.6K,18.2K,69
NEXT9NEWS हर खबर आप तक,NEXT9NEWS हर खबर आप तक,,10.6M,India,1.6K,7,N/A
Jessica Jane,Jessica Jane,Food & Drinks,10.5M,Indonesia,826.4K,46.2K,1.1K
Ceylin - H Official,Ceylin - H Official,Music & Dance,10.5M,Cyprus,73.1K,N/A,N/A
stampylonghead,stampylonghead,Video games,10.5M,United States,155.9K,8.2K,759
Flamingo,Flamingo,Animation,10.5M,United States,2.1M,68.3K,7.1K
Golemcito Games,Golemcito Games,Video games,10.5M,Peru,2.8M,290K,6.4K
Daniel LaBelle,Daniel LaBelle,,10.5M,United States,5.6M,273.6K,2.4K
Vox,Vox,News & Politics,10.5M,United States,2.3M,69.3K,3.6K
craftingeek,Craftingeek,,10.5M,Mexico,231.2K,9.2K,113
francinyehlke,Franciny Ehlke,Fashion,10.5M,Brazil,197.2K,19.2K,629
BuzzFeedYellow,As/Is,Fashion,10.5M,United States,27.1K,1.1K,12
doctruyencotich,Kênh Thiếu Nhi - BHMEDIA,Music & Dance,10.5M,United States,21.3K,94,N/A
ChillStepNation,Chill Nation,Music & Dance,10.5M,United States,53.7K,1.1K,46
Acenix,Acenix,Video games,10.5M,Mexico,2.4M,111K,2.2K
Taylor RS,Taylor RS,,10.5M,United States,39.8K,348,12
pinkfongko,핑크퐁 (인기 동요・동화),Music & Dance,10.5M,N/A,66.9K,325,N/A
SaraBeautyCorner,"SaraBeautyCorner - DIY, Comedy, Makeup, Nail Art",DIY & Life Hacks,10.5M,United States,133.3K,7.6K,722
WarnerBrosPictures,Warner Bros. Pictures,Movies,10.5M,United States,424.8K,17.7K,861
Google,Google,,10.5M,United States,11.6K,158,15
redbull,Red Bull,Sports,10.5M,United States,292.5K,5.2K,246
LA DIVAZA,LA DIVAZA,,10.5M,Mexico,0,N/A,N/A
CJENMMUSIC,Stone Music Entertainment,Music & Dance,10.5M,United States,8.4K,719,34
telugufilmnagar,Telugu Filmnagar,,10.5M,India,4.5K,71,2
brancoala,Brancoala,Toys,10.5M,Brazil,398.2K,8.2K,202
Kids smile TV,Kids smile TV,,10.5M,N/A,227.5K,1.4K,N/A
soicon295,Magnet World,,10.5M,United States,12.6K,423,5
Sidhu Moose Wala,Sidhu Moose Wala,Music & Dance,10.4M,India,3.9M,336K,59K
AlArabiya,AlArabiya العربية,News & Politics,10.4M,Morocco,6.3K,92,22
Troom Troom Arabic,Troom Troom Arabic,,10.3M,Egypt,558.9K,9.1K,184
MeKcanal,Matheus e Kauan,Music & Dance,10.3M,Brazil,6.2K,663,11
DuDuPopTOY,DuDuPopTOY,Animation,10.3M,N/A,16.1K,374,N/A
Playing with Rafael,Playing with Rafael,,10.3M,Brazil,3.9K,25,N/A
Jamuna TV,Jamuna TV,News & Politics,10.3M,Bangladesh,60.1K,1.5K,96
Cris Devil Gamer,Cris Devil Gamer,Music & Dance,10.3M,United States,460.5K,19.9K,669
prantoniojunior,Pastor Antônio Júnior,Music & Dance,10.3M,Brazil,341K,79.9K,8.8K
Pari's Lifestyle,Pari's Lifestyle,Daily vlogs,10.3M,India,545.6K,12.1K,113
sbtthenoite,The Noite com Danilo Gentili,,10.3M,Brazil,26.4K,1.4K,42
HISHEdotcom,How It Should Have Ended,Movies,10.3M,United States,903.9K,33.9K,1.3K
penguinz0,penguinz0,Animation,10.3M,United States,1.4M,49.3K,2.6K
destinws2,SmarterEveryDay,Science & Technology,10.3M,United States,1.9M,72.2K,4.7K
Flowers Comedy,Flowers Comedy,,10.3M,India,124.5K,2K,126
lucygerardi43,Luli Pampín,Music & Dance,10.3M,N/A,546.6K,3.1K,N/A
cbstvdinsideedition,Inside Edition,News & Politics,10.3M,United States,213.1K,5.5K,684
Oum Walid,Oum Walid,Education,10.3M,Algeria,527.8K,29.4K,1.6K
Lofi Girl,Lofi Girl,Music & Dance,10.3M,United States,96.9K,3.8K,179
TwinRoozi 쌍둥이 루지,TwinRoozi 쌍둥이 루지,Daily vlogs,10.3M,Indonesia,197.5K,N/A,N/A
infobellskannada,infobells - Kannada,Education,10.3M,N/A,759.4K,3.3K,N/A
Mrwhosetheboss,Mrwhosetheboss,Science & Technology,10.3M,United States,2.7M,152.9K,10.1K
TikTak Draw,TikTak Draw,Science & Technology,10.3M,Mexico,120.9K,7.7K,345
sagahits,SagaHits,Music & Dance,10.3M,India,45.3K,1.2K,51
Sab kuchh sikho jano,Sab kuchh sikho jano,News & Politics,10.2M,India,28.8K,1.5K,61
zeetamil,Zee Tamil,,10.2M,India,85K,1.6K,13
Milena Stepanienco - MILENINHA,Milena Stepanienco - MILENINHA,Toys,10.2M,Brazil,342.5K,2.6K,N/A
Wylsacom,Wylsacom,News & Politics,10.2M,Russia,946.9K,38.8K,6.9K
TWO SIDE GAMERS,TWO SIDE GAMERS,,10.1M,India,681.4K,62.3K,1.6K
aljazeerachannel,AlJazeera Channel قناة الجزيرة,News & Politics,10.1M,Morocco,36.7K,485,89
cleanbandit,Clean Bandit,Music & Dance,10.1M,United States,64.8K,2.1K,100
JessicaJulioeBaby,Laurinha e Helena - Clubinho da Laura,Toys,10.1M,Brazil,246.1K,5.7K,176
Rawan and Rayan,Rawan and Rayan,Daily vlogs,10.1M,Algeria,1M,61.5K,4.4K
T-STUDIO,T-STUDIO,,10.1M,United States,50.2K,4.9K,15
TV9 Bharatvarsh,TV9 Bharatvarsh,News & Politics,10.1M,India,27.9K,484,19
AsapSCIENCE,AsapSCIENCE,Science & Technology,10.1M,United States,772K,55.8K,1.8K
Caso Cerrado,Caso Cerrado,,10.1M,Mexico,410.7K,4.7K,174
DalasReview,Dalas Review,Science & Technology,10.1M,Mexico,684.7K,82.1K,9.7K
francoescamilla,Franco Escamilla,,10.1M,Mexico,450K,16.2K,352
Pinkfong en español - Canciones Infantiles,Pinkfong en español - Canciones Infantiles,Animation,10.1M,N/A,44.9K,156,N/A
BE AMAZED,BE AMAZED,Education,10.1M,United States,577K,14.1K,762
Pen Multiplex,Pen Multiplex,,10.1M,India,10.3K,60,5
0214mex,はじめしゃちょー（hajime）,Music & Dance,10.1M,Japan,1.2M,34.2K,1.3K
Republic Bharat,Republic Bharat,News & Politics,10.1M,India,15.4K,N/A,17
Captain Watch Hits,Captain Watch Hits,,10.1M,India,41.2K,234,6
Влад и Никита,Влад и Никита,Toys,10.1M,N/A,1M,6K,N/A
Dynamo Gaming,Dynamo Gaming,,10.1M,India,497.9K,58.5K,261
TomorrowlandChannel,Tomorrowland,Music & Dance,10.1M,Brazil,19.4K,914,50
VitalyzdTv,VitalyzdTv,Humor,10.1M,United States,67.9K,1.2K,236
вДудь,вДудь,News & Politics,10.1M,Russia,16.8M,615.5K,89.4K
atv,atv,Animation,10.1M,Turkey,41.2K,420,25
Rachit Rojha,Rachit Rojha,,10.1M,India,5.2M,101.8K,4.4K
ChuChuTV Hindi,ChuChuTV Hindi,Education,10.1M,N/A,160.6K,1K,N/A
MTV,MTV,Music & Dance,10.1M,United States,6.7K,343,23
Hindi Kahaniya,Hindi Kahaniya,,10.1M,India,159.2K,1.9K,52
ctctv,СТС,Video games,10.1M,Russia,19K,168,13
Luan Palomera,Luan Palomera,,10.1M,Mexico,757.5K,40.2K,1.6K
Hindi Fairy Tales,Hindi Fairy Tales,,10.1M,India,557.2K,9.3K,N/A
Hindi Countdown,Hindi Countdown,Education,10.1M,India,3.6M,89.6K,3K
Diana and Roma IND,Diana and Roma IND,,10.1M,N/A,294K,1.8K,N/A
Lorrayne Oliveira,Lorrayne Oliveira,Toys,10.1M,Brazil,281.5K,17.5K,502
Busy Fun Ltd,Busy Fun Ltd,,10.1M,India,2.4M,13.9K,334
Goldmines Housefull,Goldmines Housefull,,10M,N/A,13.4K,N/A,N/A
RDCGujarati,RDC Gujarati,Music & Dance,10M,India,26.1K,808,26
Wolfoo's stories,Wolfoo's stories,Animation,10M,N/A,724.3K,4.2K,N/A
Juice WRLD,Juice WRLD,Music & Dance,10M,United States,7.6M,308.3K,19.4K
jordanmatter,Jordan Matter,Music & Dance,10M,United States,4.9M,137K,12.5K
whoisjimmy,How Ridiculous,Sports,9.9M,United States,25.5M,750.3K,5.2K
BestCodComedy,BCC Gaming,Video games,9.9M,United States,2.3K,75,8
familyfunpack,Family Fun Pack,,9.9M,United States,114.5K,2.2K,273
makebymarimaria,Mari Maria,Fashion,9.9M,Brazil,132.1K,13.8K,436
Toymong tv 토이몽TV,Toymong tv 토이몽TV,,9.9M,N/A,27.1K,211,N/A
BERTH-OH,BERTH-OH,,9.9M,Mexico,520K,24.6K,591
Comedy Captain,Comedy Captain,,9.9M,India,16.3K,127,3
Joe HaTTab,Joe HaTTab,Travel,9.9M,Saudi Arabia,3.5M,233.2K,15.9K
NASAtelevision,NASA,News & Politics,9.9M,United States,92.6K,4.2K,N/A
historychannel,HISTORY,,9.9M,United States,71.2K,1.3K,108
MSA previously My Story Animated,MSA previously My Story Animated,Animation,9.9M,United States,5.4M,154K,4.8K
Nirahua Music World,Nirahua Music World,,9.9M,India,112.6K,5K,152
Nickelodeon,Nickelodeon,Movies,9.9M,N/A,60K,767,N/A
Will Smith,Will Smith,Movies,9.9M,United States,332.2K,10.5K,5.5K
Heroine Movies 2022,Heroine Movies 2022,Daily vlogs,9.9M,India,151.9K,1.1K,22
WAMIndiaMovies,Wamindia Movies,,9.9M,India,138.5K,2.2K,41
shrutiarjunanand,Shruti Arjun Anand,Movies,9.8M,India,1.5M,47.1K,1.5K
barcroftmedia,truly,News & Politics,9.8M,United States,105K,N/A,382
5-Minute Recipes,5-Minute Recipes,,9.8M,India,76.4K,860,15
rathorvideo,Rathore Cassettes,,9.8M,India,13.5K,134,13
buzzfeedblue,BuzzFeed Multiplayer,,9.8M,United States,8.5K,342,79
5-Minute Crafts LIKE,5-Minute Crafts LIKE,,9.8M,United States,48.3K,394,8
panicopgm,Programa Pânico Lab,Toys,9.8M,Brazil,22.9K,1.1K,27
RUOK FF,RUOK FF,,9.8M,Brazil,687K,80.7K,4K
htv2channel,Vie Channel - HTV2,Music & Dance,9.8M,United States,8.5K,114,7
KiKiDo,KiKiDo,Video games,9.8M,Russia,1.7M,44K,1.5K
MBCkpop,MBCkpop,Music & Dance,9.8M,Philippines,19K,925,87
Receitas de Pai,Receitas de Pai,Food & Drinks,9.8M,Brazil,99K,13K,336
TheSyndicateProject,Syndicate,Video games,9.8M,United States,157.7K,4.9K,1.3K
Family Box,Family Box,Video games,9.8M,Russia,510.7K,9.7K,483
Sơn Tùng M-TP Official,Sơn Tùng M-TP Official,Music & Dance,9.8M,United States,61.2K,4.6K,233
Peppa Pig Hindi,Peppa Pig Hindi,Education,9.8M,N/A,338.9K,2.5K,N/A
Vlad and Niki PRT,Vlad and Niki PRT,,9.7M,N/A,1.8M,N/A,N/A
OneRepublic,OneRepublic,Music & Dance,9.7M,United States,9.9K,749,21
BBCArabicNews,BBC News عربي,News & Politics,9.7M,Egypt,38.5K,736,145
The Daily Show with Trevor Noah,The Daily Show with Trevor Noah,News & Politics,9.7M,United States,497.4K,10.2K,1.1K
Islam Populer,Islam Populer,Education,9.7M,Indonesia,82.3K,2.1K,164
Viki Show,Viki Show,Humor,9.7M,Russia,2.8M,109.6K,3.1K
Raditya Dika,Raditya Dika,Food & Drinks,9.7M,Indonesia,179.2K,7.8K,299
mrplotvideos,Mundo Bita,Music & Dance,9.7M,N/A,505.9K,4.9K,N/A
مصطفى GAME OVER,مصطفى GAME OVER,,9.7M,Iraq,658.9K,74.9K,2.9K
ChennaiExp2013,Red Chillies Entertainment,,9.7M,India,28.4K,990,72
MrGustavoParodias,Gustavo Paródias,Humor,9.7M,Brazil,214.5K,22K,367
ChuChuTV Español,ChuChuTV Español,Humor,9.7M,N/A,35K,204,N/A
welovekamikaze,welovekamikaze,,9.7M,Thailand,3K,132,4
singkingkaraoke,Sing King,Music & Dance,9.7M,United States,10.8K,157,17
EugenBro,EugenBro,Video games,9.7M,Russia,724.3K,36.5K,2.7K
KapilComedyNights,Colors Rishtey,,9.7M,India,247.3K,1.7K,20
Larva2011ani,Larva TUBA,,9.6M,United States,21.8K,259,12
Netflix Latinoamérica,Netflix Latinoamérica,,9.6M,Mexico,20.3K,993,76
ThePersica,Orkun Işıtmak,Video games,9.6M,Turkey,1.7M,75.5K,2.1K
TeremokTV,Теремок ТВ,Video games,9.6M,N/A,117.3K,546,N/A
Prince Royce,Prince Royce,Music & Dance,9.6M,United States,7M,160.8K,3.6K
قناة وناسة -  Wanasah TV,قناة وناسة -  Wanasah TV,Music & Dance,9.6M,N/A,12.4M,78.2K,N/A
Heidi y Zidane en español,Heidi y Zidane en español,Toys,9.6M,N/A,339.4K,2.2K,N/A
SerbianGamesBL2,Life Hacks & Experiments,,9.6M,United States,42.5K,194,14
mainaCassette,Haryanvi Maina,Music & Dance,9.6M,India,6.3K,55,4
mamilosmolengas,Mussoumano,Music & Dance,9.6M,Brazil,860.5K,88.2K,3.6K
sadhguru,Sadhguru,,9.6M,India,196.7K,9.6K,186
Sonotek Haryanvi,Sonotek Haryanvi,Music & Dance,9.6M,India,11.3K,192,21
Survival Builder,Survival Builder,,9.6M,United States,151.6K,3.3K,134
luisitorey,luisitorey,,9.6M,Mexico,33.1K,2.2K,48
Bispo Bruno Leonardo,Bispo Bruno Leonardo,Music & Dance,9.6M,Brazil,577.9K,208.7K,139.8K
bgfilms,Babish Culinary Universe,Food & Drinks,9.6M,United States,817.9K,34.4K,1.2K
5-Minute Crafts TEENS,5-Minute Crafts TEENS,,9.6M,India,23.8K,386,13
BIBI,BIBI,,9.6M,Brazil,30.8K,3K,51
ZarcortGame,ZarcortGame,Music & Dance,9.5M,Mexico,111K,15.3K,538
DELRECORDS,DEL Records,Music & Dance,9.5M,Mexico,289K,12.8K,200
ehbeefamily,The Bee Family,Humor,9.5M,United States,58K,2.6K,170
Eagle Home Entertainments,Eagle Home Entertainments,,9.5M,India,3K,27,N/A
Ben Azelart,Ben Azelart,Video games,9.5M,United States,2.3M,89.3K,31.1K
PicaPicaVEVO,Pica - Pica Oficial,,9.5M,N/A,211.5K,519,N/A
Talent Recap,Talent Recap,Music & Dance,9.5M,United States,33.5K,328,29
lincolnvelasquez,Cong TV,,9.5M,Philippines,2.5M,163.6K,4.2K
Garena Free Fire Brasil,Garena Free Fire Brasil,Video games,9.5M,Brazil,200.9K,3.1K,302
InquisitorMaster,InquisitorMaster,Animation,9.5M,United States,544.3K,20.5K,1.3K
Niki and Gabi,Niki and Gabi,Fashion,9.5M,United States,485.5K,25.2K,531
منوعات الكوميديا العراقية,منوعات الكوميديا العراقية,,9.5M,Iraq,1.4M,78.5K,1.7K
TopMovieClips,TopMovieClips,Movies,9.5M,United States,268.3K,5.4K,190
timesmusicindia,Times Music,Music & Dance,9.5M,India,456.1K,10.3K,178
DaBaby,DaBaby,Music & Dance,9.5M,United States,976.4K,36.4K,1.3K
Dharma Productions,Dharma Productions,,9.5M,India,20.4K,1.2K,44
IniTalkShow,Ini Talk Show,Music & Dance,9.5M,Indonesia,0,N/A,N/A
BETO GAMER,BETO GAMER,Animation,9.5M,Brazil,448.9K,28.1K,372
MrStiven Tc,MrStiven Tc,Video games,9.5M,Colombia,671.7K,66.9K,352
NetflixBRA,Netflix Brasil,Humor,9.4M,Brazil,23.3K,1.6K,90
JoeyGraceffa,Joey Graceffa,Animals & Pets,9.4M,United States,317.9K,23.3K,2.9K
aanandaaudio,Anand Audio,,9.4M,India,132.3K,3.6K,126
sonyliv,SonyLIV,,9.4M,India,3.4K,56,3
서은이야기[SeoeunStory],서은이야기[SeoeunStory],,9.4M,N/A,36.5K,176,N/A
Grandpa Kitchen,Grandpa Kitchen,Food & Drinks,9.4M,United States,162.7K,8.6K,318
MrMuselk,Muselk,Video games,9.4M,United States,465.5K,19.6K,636
JoshDub,JoshDub,Animation,9.4M,United States,0,N/A,N/A
BrPVPHu3,João Caetano,,9.4M,Brazil,755.5K,69.1K,1.2K
Power Vision,Power Vision,,9.4M,United States,24.1K,428,4
N1Noobtubers,웃웃TwinsFromRussia,Daily vlogs,9.4M,India,55.6K,3.6K,19
bhaktisongs,Shemaroo Bhakti,Music & Dance,9.4M,India,2.8K,45,6
The Voice Global,The Voice Global,Music & Dance,9.4M,United States,320.8K,4.1K,87
POPSVIETNAM,POPS MUSIC,Music & Dance,9.4M,United States,7.7K,217,4
CRACKS,CRACKS,Video games,9.4M,Colombia,21.3K,2K,139
hasanjr11,hasanjr11,,9.4M,Indonesia,23K,2.3K,208
Adriana Show,Adriana Show,Animation,9.4M,N/A,53.8K,N/A,N/A
Cleo y Cuquin - Canciones infantiles,Cleo y Cuquin - Canciones infantiles,Music & Dance,9.4M,N/A,225.1K,1K,N/A
efdewe,efdewe,Music & Dance,9.3M,Indonesia,195K,11.2K,670
SAS-ASMR,SAS-ASMR,,9.3M,United States,216.7K,7.3K,238
fozimozi,Fozi Mozi,,9.3M,N/A,273.1K,3.2K,N/A
sonotektv,Sonotek Music,Music & Dance,9.3M,India,1.6M,34.5K,1K
TeremokSongs,Теремок - Песенки для детей,Music & Dance,9.3M,Russia,115.4K,615,N/A
YFrostA,FROST,Video games,9.3M,Russia,560.5K,48.5K,1.8K
DreamworksAnimation,Peacock Kids,,9.3M,N/A,12.2K,47,N/A
RSVDO,rsfriends,Music & Dance,9.3M,Thailand,4.4K,118,12
Classic Mr Bean,Classic Mr Bean,,9.3M,India,86K,1K,47
LetDa Hyper,LetDa Hyper,Music & Dance,9.3M,Indonesia,95K,5.2K,332
brunoberti10,Irmãos Berti,Toys,9.3M,Brazil,116.3K,7K,194
Karina Garcia,Karina Garcia,DIY & Life Hacks,9.3M,United States,220.8K,9.2K,301
Bhojpuri Movies,Bhojpuri Movies,,9.3M,India,4.2M,14.9K,142
Dolly and Friends,Dolly and Friends,Animation,9.3M,N/A,415.3K,2.7K,N/A
PlaticaPolinesa,PlaticaPolinesia,Music & Dance,9.3M,Mexico,38.5K,3.9K,370
Bessan Ismail - بيسان اسماعيل,Bessan Ismail - بيسان اسماعيل,,9.3M,Iraq,1.9M,175.1K,13K
FoxNewsChannel,Fox News,News & Politics,9.3M,United States,207.1K,5.1K,1.8K
RoosterTeeth,Rooster Teeth,Movies,9.3M,United States,40.8K,1.3K,136
Rayito,Rayito,,9.3M,Mexico,7.6K,306,33
[햄지]Hamzy,[햄지]Hamzy,,9.3M,United States,2.5M,55.8K,1.6K
monsta,Monsta,,9.2M,Indonesia,44.8K,1.2K,N/A
Soothing Relaxation,Soothing Relaxation,Music & Dance,9.2M,United States,112.3K,3.6K,258
NFL,NFL,Sports,9.2M,United States,107.3K,1.8K,206
FilterCopy,FilterCopy,,9.2M,India,723.4K,24.3K,326
Thơ Nguyễn,Thơ Nguyễn,,9.2M,United States,266.6K,3.9K,194
Troom Troom SELECT,Troom Troom SELECT,Movies,9.2M,United States,342.7K,4K,93
chetakvideo,Chetak,Music & Dance,9.2M,India,15.6K,308,10
Denis,Denis,Video games,9.2M,United States,194.2K,9.1K,461
cartoonnetworkuk,Cartoon Network UK,,9.2M,N/A,47.3K,387,N/A
Tom Slime,Tom Slime,,9.2M,United States,21K,206,10
FutParódias,FutParódias,Music & Dance,9.2M,Brazil,1.4M,110.1K,2.5K
EL GATO,EL GATO,Toys,9.2M,Brazil,243.8K,30.7K,636
CinemaSins,CinemaSins,Movies,9.2M,United States,296K,10.2K,874
CricketICC,ICC,Sports,9.2M,India,15.2K,854,58
BRKsEDU,BRKsEDU,Animation,9.2M,Brazil,112.3K,9.8K,246