id,influencer_insta_name,category,followers,audience_country,"authentic_engagement
","engagement_avg
"
1,433,Sports,48500000,Spain,383100,637000
2,__youngbae__,Celebrity/ Entertainment,12700000,Indonesia,478000,542300
3,_agentgirl_,Celebrity/ Entertainment,18800000,Russia,310800,377900
4,_imyour_joy,Travel/ Lifestyle,13500000,Indonesia,1100000,1400000
5,_rl9,Sports,25000000,Poland,588600,749000
6,_seorina,Travel/ Lifestyle,3000000,South Korea,803900,997800
7,21savage,Celebrity/ Entertainment,13200000,United States,263500,462000
8,333cyj333,Celebrity/ Entertainment,6500000,Thailand,359300,427700
9,3gerardpique,Sports,19800000,Spain,446100,658800
10,50cent,Celebrity/ Entertainment,27900000,United States,177500,283200
11,9gag,Travel/ Lifestyle,58300000,Indonesia,214700,276900
12,abdevilliers17,Sports,17200000,India,534000,615900
13,aboflah,Travel/ Lifestyle,7200000,Iraq,793400,949400
14,achrafhakimi,Sports,8800000,Morocco,520000,764500
15,actorleeminho,Celebrity/ Entertainment,28900000,Indonesia,2800000,3700000
16,acunilicali,Celebrity/ Entertainment,13600000,Turkey,233800,286300
17,adamsandler,Celebrity/ Entertainment,12700000,United States,395900,503900
18,addisonraee,Fashion/ Beauty,40500000,United States,1100000,1600000
19,adele,Celebrity/ Entertainment,49700000,United States,2600000,3600000
20,adidasoriginals,Fashion/ Beauty,34200000,United States,52400,71800
21,aishwaryaraibachchan_arb,Celebrity/ Entertainment,10000000,India,247600,316500
22,aislinnderbez,Celebrity/ Entertainment,12000000,Mexico,235700,295400
23,akshaykumar,Celebrity/ Entertainment,61100000,India,815300,971000
24,alejandrospeitzer,Travel/ Lifestyle,5100000,Mexico,313300,488600
25,aleoliveiracm,Travel/ Lifestyle,8300000,Brazil,235800,598400
26,alexandradaddario,Celebrity/ Entertainment,22400000,India,487900,596600
27,alexis_officia1,Sports,13400000,Chile,185200,304800
28,alexisren,Travel/ Lifestyle,15800000,United States,102000,158100
29,alfinetei,Travel/ Lifestyle,21100000,Brazil,99500,223600
30,aliaabhatt,Celebrity/ Entertainment,61800000,India,1200000,1500000
31,alidaei,Sports,8000000,Iran,555800,937000
32,aliiiiiiiikarimi8,Sports,9100000,Iran,328700,495100
33,alishalehmann7,Sports,6800000,Brazil,373800,705300
34,alluarjunonline,Celebrity/ Entertainment,17600000,India,1600000,2000000
35,alok,Celebrity/ Entertainment,27000000,Brazil,249600,319900
36,alvaromorata,Sports,16200000,Italy,113100,175200
37,alvaromorte,Celebrity/ Entertainment,12400000,India,244500,334700
38,alvxaro,Travel/ Lifestyle,9200000,Brazil,169600,424700
39,alwaysramcharan,Travel/ Lifestyle,5600000,India,596800,668300
40,amadorat,Fashion/ Beauty,8100000,Mexico,505000,564400
41,amandacerny,Travel/ Lifestyle,24100000,India,112900,180600
42,amandamanopo,Fashion/ Beauty,15200000,Indonesia,189600,250500
43,amauryguichon,Food,6700000,United States,357300,435700
44,amitabhbachchan,Celebrity/ Entertainment,30000000,India,88500,103600
45,amybethmcnulty,Travel/ Lifestyle,6300000,Brazil,561400,771300
46,ana_d_armas,Celebrity/ Entertainment,6100000,United States,543400,735300
47,ananyapanday,Celebrity/ Entertainment,21900000,India,318200,371800
48,anasmarwah,Family/ Home/ Parenting,5500000,Iraq,431800,557500
49,andreavaldirisos,Travel/ Lifestyle,7700000,Colombia,411300,584300
50,andresiniesta8,Sports,39000000,Spain,91500,132300
51,angela_aguilar_,Travel/ Lifestyle,8200000,Mexico,285500,346000
52,angeldimariajm,Sports,16300000,Argentina,294600,434100
53,angelinajolie,Travel/ Lifestyle,12600000,Brazil,274600,456100
54,angeliqueboyer,Celebrity/ Entertainment,13900000,Brazil,247400,310600
55,angelrai07,Travel/ Lifestyle,14900000,India,462200,557400
56,anitta,Celebrity/ Entertainment,61100000,Brazil,542800,1000000
57,anjimaxuofficially,Travel/ Lifestyle,11100000,India,173300,221200
58,annakendrick47,Celebrity/ Entertainment,20300000,United States,210000,274200
59,annecurtissmith,Celebrity/ Entertainment,17800000,Philippines,134700,152300
60,annehathaway,Celebrity/ Entertainment,22600000,United States,704300,928400
61,annemarie,Celebrity/ Entertainment,9200000,India,242500,339600
62,ansufati,Sports,8000000,Spain,475200,721000
63,anthonyjoshua,Health/ Fitness,13600000,United Kingdom,142000,192800
64,antogriezmann,Sports,35500000,Spain,205300,329600
65,antonelaroccuzzo,Fashion/ Beauty,19000000,Argentina,970700,1600000
66,anuel,Celebrity/ Entertainment,27900000,Spain,586000,892100
67,anupamaparameswaran96,Celebrity/ Entertainment,11400000,India,510400,583300
68,anushkasen0408,Celebrity/ Entertainment,34500000,India,379100,443800
69,anushkasharma,Celebrity/ Entertainment,57500000,India,1100000,1300000
70,anyageraldine,Celebrity/ Entertainment,10700000,Indonesia,182300,305200
71,apple,Business/ Tech/ Gaming,27400000,India,83400,111200
72,araikgalstyanmoscowschool,Fashion/ Beauty,13000000,Turkey,323000,416700
73,arianagrande,Celebrity/ Entertainment,302300000,United States,2900000,4100000
74,arishfakhan138,Celebrity/ Entertainment,28000000,India,183100,221400
75,aron.piper,Celebrity/ Entertainment,13900000,Brazil,273100,515600
76,arsenal,Sports,21500000,United Kingdom,79900,120000
77,arthuraguiar,Celebrity/ Entertainment,12700000,Brazil,104100,236800
78,asalamaleh,Celebrity/ Entertainment,6600000,Iraq,415900,514500
79,asaprocky,Celebrity/ Entertainment,14600000,United States,383600,641700
80,ashishchanchlani,Celebrity/ Entertainment,13300000,India,832600,1000000
81,ashleybenson,Fashion/ Beauty,22400000,Brazil,101000,144300
82,ashleygraham,Fashion/ Beauty,17200000,United States,392700,519500
83,aslisona,Celebrity/ Entertainment,21400000,India,110200,134100
84,ateez_official_,Celebrity/ Entertainment,6300000,United States,410900,472100
85,attahalilintar,Celebrity/ Entertainment,23100000,Indonesia,140200,192300
86,auba,Sports,12000000,United Kingdom,379300,602100
87,aum_patchrapa,Celebrity/ Entertainment,14100000,Thailand,150300,179200
88,aurelie.hermansyah,Fashion/ Beauty,25300000,Indonesia,475200,601100
89,avani,Fashion/ Beauty,18800000,United States,337000,451900
90,avneetkaur_13,Celebrity/ Entertainment,30500000,India,281300,341100
91,avrillavigne,Celebrity/ Entertainment,10700000,Brazil,211200,263000
92,awez_darbar,Celebrity/ Entertainment,17800000,India,466000,558400
93,aykutelmas,Celebrity/ Entertainment,6800000,Turkey,321000,376500
94,badbunnypr,Celebrity/ Entertainment,38500000,United States,2500000,3900000
95,badgalriri,Celebrity/ Entertainment,125100000,United States,2800000,4600000
96,baifernbah,Travel/ Lifestyle,10400000,Indonesia,224500,284600
97,bambam1a,Celebrity/ Entertainment,16000000,Brazil,684300,863000
98,barackobama,Business/ Tech/ Gaming,35400000,United States,148300,174600
99,bbrightvc,Celebrity/ Entertainment,13500000,Indonesia,1700000,2000000
100,bclsinclair,Celebrity/ Entertainment,20200000,Indonesia,153500,242600
101,beberexha,Celebrity/ Entertainment,10800000,India,221500,327000
102,bebytsabina,Fashion/ Beauty,7100000,Indonesia,243400,373900
103,beingsalmankhan,Celebrity/ Entertainment,50700000,India,474600,604400
104,belindapop,Celebrity/ Entertainment,14900000,Mexico,136700,197000
105,bellahadid,Fashion/ Beauty,50600000,United States,566900,905300
106,bellathorne,Celebrity/ Entertainment,25200000,United States,289500,485700
107,bernardokath,Fashion/ Beauty,16800000,Philippines,452700,545400
108,beyonce,Celebrity/ Entertainment,246900000,United States,2600000,3700000
109,bhadbhabie,Celebrity/ Entertainment,16400000,United States,143100,268000
110,bhuvan.bam22,Celebrity/ Entertainment,14200000,India,741000,915800
111,bianca,Fashion/ Beauty,17700000,Brazil,73600,172200
112,bibisbeautypalace,Family/ Home/ Parenting,7800000,Germany,322700,369600
113,bighit_ent,Celebrity/ Entertainment,13000000,Indonesia,721300,888500
114,bigsean,Celebrity/ Entertainment,14600000,United States,169900,310300
115,billieeilish,Celebrity/ Entertainment,101700000,United States,2600000,3400000
116,bizarrap,Celebrity/ Entertainment,11500000,Argentina,920800,1100000
117,blackpinkofficial,Celebrity/ Entertainment,46200000,Indonesia,1100000,1400000
118,blakelively,Celebrity/ Entertainment,32000000,United States,827100,1300000
119,bleacherreport,Sports,18400000,United States,103800,204700
120,blythe,Celebrity/ Entertainment,13400000,Philippines,196900,224100
121,bmw,Automotive,33100000,India,73100,97600
122,bn_sj2013,Celebrity/ Entertainment,21400000,Indonesia,2500000,2900000
123,bobbyindaeyo,Celebrity/ Entertainment,3400000,Indonesia,679100,791200
124,borodylia,Celebrity/ Entertainment,18200000,Russia,123000,153200
125,bramastavrl,Celebrity/ Entertainment,23700000,Indonesia,109100,138900
126,brentrivera,Celebrity/ Entertainment,22100000,United States,888300,1200000
127,bretmanrock,Celebrity/ Entertainment,18300000,United States,551000,927900
128,brfootball,Sports,11900000,United States,146000,236000
129,britneyspears,Celebrity/ Entertainment,40200000,United States,180500,251600
130,brunamarquezine,Celebrity/ Entertainment,42600000,Brazil,485200,837200
131,brunomars,Celebrity/ Entertainment,24900000,Brazil,328700,499000
132,brycehall,Celebrity/ Entertainment,7500000,United States,279200,358700
133,bts.bighitofficial,Celebrity/ Entertainment,61700000,Indonesia,2400000,2600000
134,bugatti,Automotive,16100000,United States,124100,168500
135,bumkeyk,Celebrity/ Entertainment,9000000,Indonesia,376300,451600
136,burakozcivit,Celebrity/ Entertainment,20500000,Turkey,492800,597500
137,burcuozberk,Celebrity/ Entertainment,9000000,Turkey,560900,725600
138,bypamella,Celebrity/ Entertainment,9400000,Brazil,237700,406800
139,c.syresmith,Celebrity/ Entertainment,18600000,United States,190100,294600
140,camerondallas,Celebrity/ Entertainment,23000000,United States,104800,182600
141,camila_cabello,Celebrity/ Entertainment,60900000,Brazil,305400,418100
142,camilaloures,Celebrity/ Entertainment,17600000,Brazil,131500,196300
143,camilladelucas,Fashion/ Beauty,10800000,Brazil,205200,376800
144,camilo,Celebrity/ Entertainment,26400000,Argentina,252300,398900
145,camimendes,Celebrity/ Entertainment,26800000,Brazil,1100000,1600000
146,canelo,Health/ Fitness,12800000,Mexico,203000,282200
147,canyaman,Celebrity/ Entertainment,9300000,Italy,324400,402800
148,caradelevingne,Fashion/ Beauty,43300000,United States,130100,182800
149,carlinhosmaiaof,Travel/ Lifestyle,24800000,Brazil,441900,810700
150,carryminati,Business/ Tech/ Gaming,15000000,India,885800,1000000
151,casemiro,Sports,14000000,Spain,149800,224100
152,cazzu,Celebrity/ Entertainment,9800000,Argentina,396200,508000
153,cbum,Health/ Fitness,6600000,United States,248700,410600
154,celestebarber,Travel/ Lifestyle,8900000,United States,364800,393200
155,chaelincl,Celebrity/ Entertainment,9800000,Brazil,259000,342500
156,championsleague,Sports,91400000,Brazil,255300,344400
157,channingtatum,Celebrity/ Entertainment,17000000,United States,272100,393200
158,charles_leclerc,Automotive,6600000,Italy,473900,629200
159,charlidamelio,Travel/ Lifestyle,47700000,United States,1500000,1900000
160,charlieputh,Celebrity/ Entertainment,15700000,United States,320500,456200
161,chelseafc,Sports,33200000,Indonesia,115700,172400
162,chiaraferragni,Fashion/ Beauty,26700000,Italy,372000,616600
163,chloegmoretz,Celebrity/ Entertainment,20100000,United States,292900,392500
164,chrisbrownofficial,Celebrity/ Entertainment,106000000,United States,157100,241900
165,chrishemsworth,Celebrity/ Entertainment,54000000,India,776600,998100
166,chrissyteigen,Celebrity/ Entertainment,37400000,United States,158000,205500
167,ciara,Celebrity/ Entertainment,31300000,United States,199400,270600
168,claireholt,Celebrity/ Entertainment,7400000,United States,304100,415400
169,clean_0828,Travel/ Lifestyle,5500000,Indonesia,1300000,1600000
170,cocielo,Celebrity/ Entertainment,17800000,Brazil,360600,564800
171,coldplay,Celebrity/ Entertainment,15400000,Brazil,274000,381300
172,cole.labrant,Travel/ Lifestyle,5000000,United States,412600,580800
173,colesprouse,Fashion/ Beauty,36000000,United States,352700,459300
174,colleen,Family/ Home/ Parenting,7500000,United States,368300,463600
175,conangray,Celebrity/ Entertainment,5700000,Brazil,785400,1200000
176,courteneycoxofficial,Celebrity/ Entertainment,12100000,India,319900,421900
177,cristiano,Sports,419600000,India,5700000,7000000
178,cvillaloboss,Celebrity/ Entertainment,19200000,Colombia,247300,305100
179,cznburak,Food,32900000,Turkey,615200,836000
180,d_degeaofficial,Sports,12900000,United Kingdom,306800,434400
181,daddyyankee,Celebrity/ Entertainment,44900000,Argentina,1300000,1800000
182,dagelan,Travel/ Lifestyle,20600000,Indonesia,83400,140500
183,danbilzerian,Celebrity/ Entertainment,32800000,India,1300000,2100000
184,danialves,Sports,35700000,Brazil,170600,264900
185,daniel.k.here,Travel/ Lifestyle,4800000,Indonesia,458900,577400
186,danielricciardo,Automotive,6600000,United States,361100,469200
187,dannapaola,Celebrity/ Entertainment,33500000,Mexico,931600,1300000
188,daquan,Travel/ Lifestyle,16800000,United States,364200,561900
189,darshanravaldz,Celebrity/ Entertainment,14800000,India,205900,249100
190,dava_m,Business/ Tech/ Gaming,13700000,Russia,166000,215900
191,davidalaba,Sports,8500000,Spain,301400,426700
192,davidbeckham,Family/ Home/ Parenting,71900000,India,500400,641100
193,davidluiz23,Sports,21200000,Brazil,69800,152400
194,davido,Celebrity/ Entertainment,23300000,Nigeria,184900,259300
195,davidwarner31,Sports,9100000,India,238200,279700
196,davikah,Fashion/ Beauty,15900000,Thailand,355300,460800
197,ddlovato,Celebrity/ Entertainment,128700000,United States,319800,418400
198,dearra,Travel/ Lifestyle,6000000,United States,236900,589900
199,debbyryan,Celebrity/ Entertainment,16700000,United States,169400,246400
200,deepikapadukone,Celebrity/ Entertainment,65500000,India,347200,450300
201,demetozdemir,Celebrity/ Entertainment,15000000,Turkey,335600,449000
202,demirose,Fashion/ Beauty,19200000,United States,395900,515000
203,dhanushkraja,Celebrity/ Entertainment,4200000,India,685100,886300
204,diddy,Celebrity/ Entertainment,18400000,United States,109400,164500
205,diljitdosanjh,Celebrity/ Entertainment,12900000,India,203300,244700
206,dindahw,Celebrity/ Entertainment,13900000,Indonesia,288800,431500
207,dishapatani,Celebrity/ Entertainment,49600000,India,909300,1100000
208,divyankatripathidahiya,Celebrity/ Entertainment,18900000,India,146500,168200
209,dixiedamelio,Celebrity/ Entertainment,25100000,United States,293000,430300
210,djokernole,Sports,10400000,Serbia,195700,240900
211,djsnake,Celebrity/ Entertainment,9100000,India,362200,429600
212,dkharbour,Celebrity/ Entertainment,6200000,United States,352200,461500
213,dlwlrma,Celebrity/ Entertainment,25800000,South Korea,2900000,3500000
214,dntlrdl,Travel/ Lifestyle,5900000,Indonesia,1500000,2000000
215,dojacat,Celebrity/ Entertainment,22400000,United States,2800000,3900000
216,domelipa,Travel/ Lifestyle,17200000,Mexico,1100000,1300000
217,donya,Fashion/ Beauty,14700000,Iran,379800,596700
218,dovecameron,Celebrity/ Entertainment,46400000,United States,618500,807200
219,dqsalmaan,Celebrity/ Entertainment,10200000,India,176800,239600
220,dualipa,Celebrity/ Entertainment,81600000,Mexico,2200000,2700000
221,dukissj,Celebrity/ Entertainment,9000000,Argentina,607200,1100000
222,dylanminnette,Celebrity/ Entertainment,7300000,United States,215700,350400
223,dylansprouse,Celebrity/ Entertainment,9300000,United States,350300,549800
224,e_milygarcia,Celebrity/ Entertainment,11000000,Brazil,230100,380500
225,easportsfifa,Sports,25800000,Spain,70900,118300
226,ebi,Celebrity/ Entertainment,10300000,Iran,193600,260500
227,ederbez,Celebrity/ Entertainment,18100000,Mexico,248300,278900
228,egorkreed,Celebrity/ Entertainment,14700000,Russia,322600,396900
229,eilirjani,Travel/ Lifestyle,9500000,Albania,423900,611600
230,elcinsangu,Celebrity/ Entertainment,8300000,Turkey,284600,342800
231,eliana,Celebrity/ Entertainment,29600000,Brazil,119300,151500
232,ellenpompeo,Celebrity/ Entertainment,10000000,Brazil,285800,495800
233,elnazshakerdoost,Celebrity/ Entertainment,9500000,Iran,219000,295700
234,elrodrigocontreras,Travel/ Lifestyle,12700000,Mexico,563100,620800
235,elrubiuswtf,Business/ Tech/ Gaming,16200000,Mexico,1400000,1500000
236,emilia_clarke,Celebrity/ Entertainment,27000000,India,490500,617200
237,emiliamernes,Celebrity/ Entertainment,4900000,Argentina,549500,1000000
238,eminem,Celebrity/ Entertainment,35600000,Iran,771200,993500
239,emmachamberlain,Travel/ Lifestyle,15300000,United States,1100000,1700000
240,emmaroberts,Celebrity/ Entertainment,17700000,United States,266400,392400
241,emrata,Fashion/ Beauty,29000000,United States,475400,758700
242,esbilgic,Travel/ Lifestyle,6700000,India,319100,407100
243,ester_exposito,Celebrity/ Entertainment,29000000,Russia,2900000,4300000
244,eunwo.o_c,Celebrity/ Entertainment,27400000,Indonesia,3600000,4500000
245,evaluna,Family/ Home/ Parenting,19800000,Argentina,812100,1100000
246,evcenf,Travel/ Lifestyle,12800000,Turkey,375600,473300
247,f1,Automotive,18300000,Italy,266600,337700
248,fadiljaidi,Travel/ Lifestyle,7000000,Indonesia,581500,873000
249,faz3,Travel/ Lifestyle,14000000,United Arab Emirates,257300,337900
250,fcbarcelona,Sports,107100000,Indonesia,450100,687900
251,fcbayern,Sports,31800000,Germany,115000,167400
252,fedez,Celebrity/ Entertainment,13700000,Italy,725500,1000000
253,feliciathegoat,Celebrity/ Entertainment,12400000,United States,1000000,1700000
254,felicyangelista_,Family/ Home/ Parenting,21000000,Indonesia,107000,147800
255,felipeneto,Travel/ Lifestyle,15400000,Brazil,166100,236000
256,fifaworldcup,Sports,25500000,India,71200,109100
257,florencepugh,Travel/ Lifestyle,7200000,United States,926400,1400000
258,fortnite,Business/ Tech/ Gaming,26100000,United States,102100,120300
259,francinyehlke,Fashion/ Beauty,15200000,Brazil,86400,188600
260,frenchmontana,Celebrity/ Entertainment,24500000,United States,91500,151600
261,frenkiedejong,Sports,10000000,Spain,528600,792500
262,fuckjerry,Travel/ Lifestyle,16600000,United States,405300,523100
263,gabigol,Sports,9600000,Brazil,282000,427000
264,gal_gadot,Celebrity/ Entertainment,77000000,United States,597500,771600
265,galatasaray,Sports,11100000,Turkey,254400,307800
266,garethbale11,Sports,46300000,Spain,402200,633900
267,gatenm123,Celebrity/ Entertainment,13600000,Brazil,449500,594100
268,geneliad,Celebrity/ Entertainment,9600000,India,444400,550600
269,georginagio,Travel/ Lifestyle,36500000,India,2500000,3500000
270,gessicakayane,Celebrity/ Entertainment,19300000,Brazil,173600,357900
271,gianlucavacchi,Travel/ Lifestyle,22200000,Brazil,511400,787200
272,giannis_an34,Sports,12300000,United States,217800,344600
273,gigihadid,Fashion/ Beauty,73200000,United States,1900000,2800000
274,gima_ashi,Travel/ Lifestyle,13900000,India,145100,197800
275,gioewbank,Celebrity/ Entertainment,28000000,Brazil,181400,290600
276,gisele,Fashion/ Beauty,18900000,Brazil,274600,408000
277,goar_avetisyan,Fashion/ Beauty,11500000,Russia,510500,707900
278,golfarahani,Celebrity/ Entertainment,12600000,Iran,307500,395700
279,grantgust,Celebrity/ Entertainment,7800000,Brazil,343400,487300
280,greeicy,Celebrity/ Entertainment,20400000,Colombia,201400,270900
281,grefg_official,Business/ Tech/ Gaming,7100000,Spain,440100,546100
282,gucci,Fashion/ Beauty,47900000,United States,57900,74300
283,gururandhawa,Celebrity/ Entertainment,31500000,India,110800,135400
284,gusein.gasanov,Celebrity/ Entertainment,21000000,Russia,524500,786100
285,gusttavolima,Celebrity/ Entertainment,42900000,Brazil,46900,79800
286,hadise,Celebrity/ Entertainment,13700000,Turkey,220700,257200
287,haileesteinfeld,Celebrity/ Entertainment,18200000,United States,1500000,1900000
288,haileybieber,Travel/ Lifestyle,42200000,United States,1800000,2400000
289,hakkiakdenizz,Business/ Tech/ Gaming,17600000,Russia,120200,174400
290,handemiyy,Celebrity/ Entertainment,27300000,Turkey,2100000,2800000
291,hannahstocking,Fashion/ Beauty,21000000,United States,237200,337800
292,hardikpandya93,Sports,20600000,India,860300,1100000
293,harrykane,Sports,12300000,United Kingdom,148300,204400
294,harrystyles,Celebrity/ Entertainment,43300000,Brazil,2900000,3900000
295,hassan_reyvandi,Celebrity/ Entertainment,18700000,Iran,330100,456500
296,hegdepooja,Celebrity/ Entertainment,18800000,India,831700,959300
297,helen_yes1,Celebrity/ Entertainment,10500000,Russia,342400,442600
298,henrycavill,Celebrity/ Entertainment,19700000,Brazil,795100,966500
299,heybiblee,Fashion/ Beauty,13500000,Indonesia,971100,1300000
300,hi_high_hiy,Celebrity/ Entertainment,12900000,South Korea,2600000,3000000
301,hi_songjoongki,Celebrity/ Entertainment,8800000,Indonesia,1700000,2400000
302,hi_sseulgi,Fashion/ Beauty,11900000,Indonesia,849600,1100000
303,hichasestokes,Travel/ Lifestyle,7400000,United States,640900,959800
304,hilaryduff,Celebrity/ Entertainment,20600000,United States,147300,188200
305,hoooooyeony,Travel/ Lifestyle,23700000,South Korea,2000000,2700000
306,houseofhighlights,Sports,32700000,United States,64600,117200
307,hrithikroshan,Celebrity/ Entertainment,41900000,India,638300,805300
308,hshq,Celebrity/ Entertainment,5500000,United States,488100,859100
309,huddy,Travel/ Lifestyle,11900000,Brazil,228400,317800
310,humansofny,Travel/ Lifestyle,11800000,United States,181900,215400
311,hyeri_0609,Celebrity/ Entertainment,7000000,South Korea,447600,539000
312,hyunah_aa,Celebrity/ Entertainment,17600000,South Korea,378100,448700
313,hziyech,Sports,6000000,Morocco,348400,476000
314,hztttao,Celebrity/ Entertainment,11300000,Indonesia,253100,281300
315,i_nivethathomas,Celebrity/ Entertainment,5900000,India,395300,447000
316,iambeckyg,Celebrity/ Entertainment,31200000,Mexico,679200,817400
317,iamcardib,Celebrity/ Entertainment,127200000,United States,2300000,3300000
318,iamferv,Travel/ Lifestyle,8800000,Mexico,1000000,1500000
319,iamhalsey,Celebrity/ Entertainment,28900000,United States,793700,1000000
320,iammichelemorroneofficial,Travel/ Lifestyle,12900000,Brazil,654100,938900
321,iampauloandre,Travel/ Lifestyle,6100000,Brazil,122200,424400
322,iamsrk,Celebrity/ Entertainment,28600000,India,717000,909700
323,iamzlatanibrahimovic,Sports,52900000,Italy,306700,473100
324,iansomerhalder,Celebrity/ Entertainment,22500000,United States,527600,788900
325,ibaillanos,Celebrity/ Entertainment,6800000,Spain,859100,1200000
326,ileana_official,Celebrity/ Entertainment,14100000,India,286000,347700
327,imhyoseop,Travel/ Lifestyle,6000000,Indonesia,1200000,1400000
328,imouniroy,Celebrity/ Entertainment,22600000,India,238900,290700
329,imsebastianstan,Celebrity/ Entertainment,9000000,United States,566100,672900
330,indiancricketteam,Sports,23900000,India,223200,260300
331,indiaroyale,Travel/ Lifestyle,4000000,United States,384500,1100000
332,inijedar,Celebrity/ Entertainment,29400000,Indonesia,74500,99700
333,iqbaal.e,Celebrity/ Entertainment,13400000,Indonesia,271400,465900
334,irinashayk,Fashion/ Beauty,17900000,Russia,121800,169000
335,iscoalarcon,Sports,23300000,Spain,142700,206200
336,isisvalverde,Celebrity/ Entertainment,27800000,Brazil,79400,117200
337,itsmarziapie,Fashion/ Beauty,8200000,United States,603200,705100
338,itzy.all.in.us,Celebrity/ Entertainment,15800000,Indonesia,761500,930800
339,jackharlow,Travel/ Lifestyle,5100000,United States,330800,618400
340,jacksepticeye,Business/ Tech/ Gaming,7700000,United States,277700,322300
341,jacksonwang852g7,Celebrity/ Entertainment,27300000,China,950100,1100000
342,jacobelordi,Celebrity/ Entertainment,13200000,Brazil,997400,1600000
343,jacquelinef143,Celebrity/ Entertainment,59300000,India,322000,391800
344,jadepicon,Fashion/ Beauty,19400000,Brazil,375200,818400
345,jailyneojeda,Fashion/ Beauty,14100000,United States,183100,253700
346,jaimelorentelo,Celebrity/ Entertainment,14500000,Brazil,285100,381800
347,jairmessiasbolsonaro,Business/ Tech/ Gaming,19500000,Brazil,150900,212600
348,jakepaul,Celebrity/ Entertainment,19200000,United States,278200,465100
349,jamescharles,Fashion/ Beauty,23300000,United States,293900,432000
350,jamesrodriguez10,Sports,49100000,Colombia,506000,768300
351,jamorant,Travel/ Lifestyle,5900000,United States,332900,537800
352,janhvikapoor,Travel/ Lifestyle,16100000,India,951300,1100000
353,jannatzubair29,Celebrity/ Entertainment,41200000,India,614700,748600
354,jaspritb1,Travel/ Lifestyle,9500000,India,466500,536000
355,jaybnow.hr,Celebrity/ Entertainment,6600000,Brazil,561300,731700
356,jaydacheaves,Fashion/ Beauty,7000000,United States,128500,381300
357,jbalvin,Celebrity/ Entertainment,51900000,Mexico,273600,363000
358,jennaortega,Celebrity/ Entertainment,7400000,United States,257100,366100
359,jennierubyjane,Celebrity/ Entertainment,64800000,Indonesia,6200000,7400000
360,jennifer.garner,Celebrity/ Entertainment,12500000,United States,255600,289400
361,jenniferaniston,Celebrity/ Entertainment,40100000,Brazil,1600000,2300000
362,jenniferwinget1,Celebrity/ Entertainment,12300000,India,322300,391700
363,jennmuriel,Travel/ Lifestyle,5500000,Colombia,451500,562600
364,jensenackles,Celebrity/ Entertainment,9100000,United States,504600,655900
365,jeremyrenner,Celebrity/ Entertainment,17200000,United States,192900,230800
366,jesselingard,Sports,9500000,United Kingdom,192100,294500
367,jessicah_o,Celebrity/ Entertainment,9700000,United States,874500,1100000
368,jessicajane99,Travel/ Lifestyle,6000000,Indonesia,441400,582300
369,jharden13,Sports,11700000,United States,137500,236500
370,jheneaiko,Celebrity/ Entertainment,14000000,United States,273800,481100
371,jichangwook,Celebrity/ Entertainment,19200000,Indonesia,920200,1200000
372,jimmyfallon,Celebrity/ Entertainment,21300000,United States,97200,120900
373,jin_bighitentertainment,Travel/ Lifestyle,8500000,Indonesia,1200000,1400000
374,jinyoung_0922jy,Celebrity/ Entertainment,9300000,Indonesia,881400,1200000
375,jlo,Celebrity/ Entertainment,200800000,United States,429500,549900
376,joaoguilherme,Celebrity/ Entertainment,15500000,Brazil,116800,227100
377,joeyking,Celebrity/ Entertainment,19100000,Brazil,541100,774100
378,johnnyjsuh,Travel/ Lifestyle,8100000,Indonesia,1300000,1600000
379,jojotodynho,Celebrity/ Entertainment,21700000,Brazil,117300,190100
380,jokowi,Business/ Tech/ Gaming,45800000,Indonesia,158000,196000
381,jongsuk0206,Celebrity/ Entertainment,22200000,Indonesia,2200000,2900000
382,jordialbaoficial,Sports,14100000,Spain,135700,196300
383,jorgelopez_as,Celebrity/ Entertainment,9700000,Brazil,211300,346300
384,joshuadun,Celebrity/ Entertainment,5800000,United States,540300,660000
385,juandediospantoja,Celebrity/ Entertainment,21500000,Mexico,519100,591800
386,juanpazurita,Celebrity/ Entertainment,28600000,Mexico,341700,485800
387,juki_lop,Celebrity/ Entertainment,9100000,Mexico,493000,573300
388,julesleblanc,Celebrity/ Entertainment,9700000,United States,409500,592100
389,julianapaes,Celebrity/ Entertainment,30200000,Brazil,61400,95200
390,juliette,Celebrity/ Entertainment,33700000,Brazil,201200,319800
391,jungkook_bighitentertainment,Celebrity/ Entertainment,9900000,Brazil,1800000,2000000
392,justinbieber,Celebrity/ Entertainment,227000000,India,439100,638200
393,justinbieber,Celebrity/ Entertainment,227400000,India,314200,445300
394,justintimberlake,Celebrity/ Entertainment,64200000,United States,323300,432900
395,juventus,Sports,52900000,India,61800,89400
396,k.mbappe,Sports,68900000,France,3000000,4300000
397,kajalaggarwalofficial,Celebrity/ Entertainment,21700000,India,527300,638000
398,kaka,Sports,17900000,Brazil,83600,136100
399,kaliuchis,Celebrity/ Entertainment,3700000,United States,399200,689700
400,kapilsharma,Celebrity/ Entertainment,39800000,India,690200,789300
401,kareenakapoorkhan,Travel/ Lifestyle,8900000,India,367400,458300
402,karimbenzema,Sports,47400000,France,981200,1400000
403,karolg,Celebrity/ Entertainment,50800000,Mexico,4500000,5400000
404,kartikaaryan,Celebrity/ Entertainment,23800000,India,472200,588200
405,katherinelangford,Celebrity/ Entertainment,25700000,India,241900,346400
406,katrinakaif,Fashion/ Beauty,62900000,India,1000000,1100000
407,katyperry,Celebrity/ Entertainment,156600000,Brazil,231800,302600
408,kawtarbamo,Celebrity/ Entertainment,7200000,Morocco,275900,374100
409,kaylanicolejones,Celebrity/ Entertainment,7300000,United States,166500,352700
410,keerthysureshofficial,Fashion/ Beauty,12500000,India,650700,743600
411,kehlani,Celebrity/ Entertainment,13700000,United States,210500,328200
412,kendalljenner,Fashion/ Beauty,227400000,United States,3400000,5500000
413,keniaos,Celebrity/ Entertainment,12600000,Mexico,545200,709000
414,kentooyamazaki,Celebrity/ Entertainment,4900000,Japan,583000,677100
415,kenzie,Celebrity/ Entertainment,14800000,United States,232400,353600
416,kevindebruyne,Sports,16800000,United Kingdom,247500,382900
417,kevinhart4real,Celebrity/ Entertainment,140200000,United States,111300,141000
418,kevinroldankr,Celebrity/ Entertainment,10100000,Mexico,180200,291400
419,khabib_nurmagomedov,Health/ Fitness,33300000,Russia,252600,353300
420,khloekardashian,Fashion/ Beauty,230200000,United States,991100,1200000
421,kiaraaliaadvani,Celebrity/ Entertainment,22100000,India,828800,939300
422,kiernanshipka,Celebrity/ Entertainment,8100000,Brazil,207300,335800
423,kimberly.loaiza,Fashion/ Beauty,33900000,Mexico,995000,1200000
424,kimjuncotton,Travel/ Lifestyle,9700000,Indonesia,1400000,1700000
425,kimkardashian,Fashion/ Beauty,296400000,United States,2000000,2900000
426,kimshantal,Celebrity/ Entertainment,11600000,Mexico,203300,237800
427,kingarturo23oficial,Sports,16700000,Italy,120800,194800
428,kingbach,Celebrity/ Entertainment,22100000,United States,120600,242000
429,kingjames,Sports,116600000,United States,952900,1600000
430,kingryan,Health/ Fitness,8700000,United States,209500,316600
431,kittychicha,Travel/ Lifestyle,4200000,Philippines,678800,823400
432,kjapa,Celebrity/ Entertainment,19000000,United States,1000000,1500000
433,kkvsh,Travel/ Lifestyle,8200000,United States,198800,336600
434,klaythompson,Sports,11600000,United States,202300,294700
435,kourtneykardash,Travel/ Lifestyle,166400000,United States,674500,961200
436,krisjenner,Celebrity/ Entertainment,46600000,United States,119600,183400
437,kritisanon,Fashion/ Beauty,47300000,India,565500,658200
438,ksi,Celebrity/ Entertainment,11200000,United Kingdom,611700,857500
439,kun11xd,Travel/ Lifestyle,6500000,Indonesia,802400,1000000
440,kunaguero,Sports,22400000,Argentina,458400,794500
441,kyliejenner,Fashion/ Beauty,323300000,United States,7600000,12300000
442,kyo1122,Celebrity/ Entertainment,12900000,Indonesia,636200,810500
443,kyrieirving,Sports,16200000,United States,142700,216800
444,l7nnon,Travel/ Lifestyle,6300000,Brazil,214000,507900
445,la_segura,Celebrity/ Entertainment,8200000,Colombia,335200,411300
446,lacikaysomers,Celebrity/ Entertainment,11800000,United States,147500,253700
447,ladivaza,Celebrity/ Entertainment,6800000,Mexico,388900,474500
448,ladygaga,Celebrity/ Entertainment,51900000,United States,498300,700000
449,lakers,Sports,19300000,United States,85800,132400
450,lalalalisa_m,Celebrity/ Entertainment,75700000,Indonesia,7500000,8600000
451,lanacondor,Celebrity/ Entertainment,10900000,Brazil,283000,385700
452,larasilva,Celebrity/ Entertainment,16800000,Brazil,789000,1200000
453,larissamanoela,Celebrity/ Entertainment,44800000,Brazil,192100,320400
454,larray,Travel/ Lifestyle,6700000,United States,357000,521500
455,laurenlondon,Celebrity/ Entertainment,9700000,United States,217700,371600
456,leaelui,Fashion/ Beauty,11700000,India,428400,719500
457,leedongwook_official,Celebrity/ Entertainment,14100000,Indonesia,1000000,1400000
458,leighannepinnock,Celebrity/ Entertainment,8500000,Brazil,279100,398000
459,lelepons,Celebrity/ Entertainment,47700000,Mexico,724300,1100000
460,leomessi,Sports,315400000,Argentina,4000000,5300000
461,leonardodicaprio,Celebrity/ Entertainment,52800000,United States,132000,166200
462,ler_chek,Travel/ Lifestyle,10500000,Russia,713000,923300
463,lestykejora,Celebrity/ Entertainment,24900000,Indonesia,372900,484000
464,letthelordbewithyou,Travel/ Lifestyle,26500000,United States,61500,92200
465,lewishamilton,Automotive,27500000,Brazil,819900,1200000
466,lexibrookerivera,Celebrity/ Entertainment,8400000,United States,778000,975400
467,liampayne,Celebrity/ Entertainment,24100000,United States,420400,585500
468,lilbaby,Celebrity/ Entertainment,18800000,United States,475400,876500
469,lildurk,Celebrity/ Entertainment,13000000,United States,162100,458200
470,lilireinhart,Celebrity/ Entertainment,29000000,Brazil,1500000,2200000
471,lilnasx,Celebrity/ Entertainment,12200000,United States,815500,1400000
472,liluzivert,Celebrity/ Entertainment,15800000,United States,1100000,2000000
473,lilyjcollins,Celebrity/ Entertainment,26900000,United States,314300,467300
474,linatejeiro,Celebrity/ Entertainment,9200000,Colombia,237700,287000
475,lisakudrow,Celebrity/ Entertainment,8500000,India,356600,475700
476,litkillah,Celebrity/ Entertainment,7200000,Argentina,438700,578400
477,littlebodybigheart,Celebrity/ Entertainment,11100000,Brazil,913100,1200000
478,littlemix,Celebrity/ Entertainment,15400000,Brazil,172100,232000
479,liverpoolfc,Sports,36700000,United Kingdom,100200,138200
480,lizakoshy,Celebrity/ Entertainment,19600000,United States,156300,208800
481,lizasoberano,Fashion/ Beauty,16900000,Philippines,243100,289900
482,lizgillz,Celebrity/ Entertainment,13900000,Mexico,563000,816300
483,lizzobeeating,Celebrity/ Entertainment,12100000,United States,213100,298300
484,loganpaul,Health/ Fitness,22500000,United States,549400,733800
485,loren,Fashion/ Beauty,22500000,United States,137300,227300
486,loud_babi,Travel/ Lifestyle,9200000,Brazil,200100,323500
487,loud_victor,Travel/ Lifestyle,10400000,Brazil,511200,652300
488,louist91,Celebrity/ Entertainment,18200000,Brazil,1100000,1500000
489,louisvuitton,Fashion/ Beauty,47700000,Brazil,46200,59700
490,lucas_lira,Travel/ Lifestyle,5800000,Brazil,296500,434300
491,lucasranngel,Travel/ Lifestyle,19200000,Brazil,186800,412300
492,lucyhale,Celebrity/ Entertainment,24300000,United States,183500,240400
493,ludmilla,Celebrity/ Entertainment,26500000,Brazil,143500,212600
494,luisafernandaw,Travel/ Lifestyle,16900000,Colombia,106300,162100
495,luisasonza,Celebrity/ Entertainment,28200000,Brazil,125100,198900
496,luisitocomunica,Travel/ Lifestyle,31700000,Mexico,939800,1200000
497,luissuarez9,Sports,43000000,Brazil,238800,356500
498,lukamodric10,Sports,21600000,Spain,419800,616300
499,lunay,Celebrity/ Entertainment,10300000,Mexico,202600,296600
500,m_kayoung,Celebrity/ Entertainment,7900000,Indonesia,1100000,1500000
501,m10_official,Sports,24000000,Turkey,526600,738300
502,machinegunkelly,Celebrity/ Entertainment,9600000,United States,284000,457500
503,maddieziegler,Celebrity/ Entertainment,13900000,United States,533400,799900
504,madelame,Celebrity/ Entertainment,25300000,Russia,1300000,1800000
505,madhuridixitnene,Celebrity/ Entertainment,30600000,India,297200,343100
506,madisonbaileybabe,Travel/ Lifestyle,6700000,United States,416400,779300
507,madisonbeer,Celebrity/ Entertainment,30600000,United States,630200,940900
508,mahnaz_afshar,Celebrity/ Entertainment,15700000,Iran,154300,212900
509,maisa,Celebrity/ Entertainment,42000000,Brazil,343700,468000
510,maluma,Celebrity/ Entertainment,61600000,Italy,329200,507600
511,malutrevejo,Celebrity/ Entertainment,11200000,United States,277200,496800
512,manchesterunited,Sports,56500000,United Kingdom,116600,188800
513,manelyk_oficial,Celebrity/ Entertainment,14100000,Mexico,179500,240400
514,maneskinofficial,Travel/ Lifestyle,6000000,Italy,519400,733500
515,manurios,Celebrity/ Entertainment,9900000,Mexico,572700,966000
516,marcelotwelve,Sports,53000000,Spain,413500,622200
517,marcmarquez93,Automotive,6600000,Indonesia,478200,634500
518,marcoasensio10,Sports,13600000,Spain,194300,298300
519,marcusrashford,Sports,12700000,United Kingdom,401900,635500
520,mariabecerra,Celebrity/ Entertainment,8600000,Argentina,332300,785000
521,mariapedraza_,Celebrity/ Entertainment,12000000,Spain,279600,369000
522,marimaria,Fashion/ Beauty,19900000,Brazil,126600,242700
523,marinaruybarbosa,Celebrity/ Entertainment,39800000,Brazil,86600,130100
524,markiplier,Celebrity/ Entertainment,9800000,United States,406500,463300
525,markruffalo,Celebrity/ Entertainment,20500000,Brazil,194300,244200
526,marktuan,Celebrity/ Entertainment,12100000,Thailand,667100,877200
527,marshmellomusic,Celebrity/ Entertainment,29200000,India,345600,406600
528,martingarrix,Celebrity/ Entertainment,15600000,Mexico,152800,216300
529,marvel,Celebrity/ Entertainment,62700000,United States,180100,212500
530,marvelstudios,Celebrity/ Entertainment,36100000,India,225500,252600
531,mathildtantot,Travel/ Lifestyle,10300000,United States,310200,470000
532,matue30,Travel/ Lifestyle,6100000,Brazil,186000,408100
533,maudeapatow,Travel/ Lifestyle,4800000,United States,577000,955100
534,maudyayunda,Celebrity/ Entertainment,15400000,Indonesia,110900,163500
535,maxverstappen1,Automotive,8200000,United States,398700,524400
536,meganfox,Celebrity/ Entertainment,19900000,United States,2100000,3400000
537,mehraadjam,Celebrity/ Entertainment,4700000,Iran,385000,564100
538,melissamelmaia,Celebrity/ Entertainment,11500000,Brazil,245100,444100
539,melo,Sports,8300000,United States,298100,605600
540,memezar,Celebrity/ Entertainment,23700000,United States,325600,484700
541,memphisdepay,Sports,14200000,France,191600,339100
542,mercedesbenz,Automotive,35300000,Iran,75000,106800
543,miakhalifa,Health/ Fitness,27700000,India,1500000,2300000
544,michaelbjordan,Celebrity/ Entertainment,18400000,United States,452900,751000
545,michaelclifford,Celebrity/ Entertainment,5800000,United States,291900,427900
546,michelleobama,Business/ Tech/ Gaming,49100000,United States,132300,150200
547,miguel_bernardeau,Celebrity/ Entertainment,7000000,Spain,260800,384500
548,miguel.g.herran,Celebrity/ Entertainment,14200000,Brazil,998200,1500000
549,miketyson,Health/ Fitness,18100000,United States,122800,157300
550,mikhail_litvin,Celebrity/ Entertainment,14600000,Russia,972000,1200000
551,milad_khahhh,Travel/ Lifestyle,5600000,Iran,365100,512700
552,mileycyrus,Celebrity/ Entertainment,163800000,United States,439700,594900
553,milliebobbybrown,Celebrity/ Entertainment,48200000,Brazil,2100000,2700000
554,mimikeene3,Celebrity/ Entertainment,4300000,United Kingdom,765800,1400000
555,min9yu_k,Celebrity/ Entertainment,6000000,Indonesia,1100000,1300000
556,mingue.k,Celebrity/ Entertainment,3300000,Indonesia,893500,1100000
557,mirandacosgrove,Celebrity/ Entertainment,9800000,Brazil,213500,333600
558,mirella,Celebrity/ Entertainment,26600000,Brazil,230400,486700
559,mohamedramadanws,Celebrity/ Entertainment,20100000,Egypt,93900,129900
560,mohanshakti,Celebrity/ Entertainment,14900000,India,207000,248000
561,mosalah,Sports,49000000,Egypt,1200000,1700000
562,mr_faisu_07,Fashion/ Beauty,26900000,India,362000,462100
563,mrbeast,Celebrity/ Entertainment,18000000,United States,1400000,1800000
564,mterstegen1,Sports,13300000,Spain,280000,422000
565,myketowers,Celebrity/ Entertainment,9400000,Spain,207900,376100
566,nabilla,Fashion/ Beauty,7200000,France,266800,367400
567,nadin_serovski,Family/ Home/ Parenting,9400000,Russia,515700,710100
568,nadine,Celebrity/ Entertainment,11100000,Philippines,319900,354600
569,naileadevora,Celebrity/ Entertainment,5000000,United States,482400,712700
570,nameisnani,Sports,4800000,India,517800,559000
571,nancyajram,Celebrity/ Entertainment,32400000,Iraq,140300,179500
572,narendramodi,Business/ Tech/ Gaming,66500000,India,1500000,1700000
573,narins_beauty,Travel/ Lifestyle,8400000,Syria,351600,429000
574,natalee.007,Fashion/ Beauty,6900000,United States,286600,366100
575,natashawilona12,Fashion/ Beauty,37500000,Indonesia,233300,278600
576,nattinatasha,Celebrity/ Entertainment,35400000,Mexico,281100,338300
577,navidmohammadzadeh,Celebrity/ Entertainment,8200000,Iran,541400,764000
578,nazriyafahadh,Travel/ Lifestyle,5500000,India,371800,497800
579,nba,Sports,65800000,United States,40600,68200
580,ncentineo,Celebrity/ Entertainment,17000000,Brazil,200300,333600
581,nct,Celebrity/ Entertainment,13600000,Indonesia,624900,819900
582,nct127,Celebrity/ Entertainment,13700000,Indonesia,787200,972300
583,nehakakkar,Celebrity/ Entertainment,68500000,India,664800,774400
584,nehasharmaofficial,Celebrity/ Entertainment,13900000,India,232800,267600
585,neslihanatagul,Celebrity/ Entertainment,13000000,Turkey,670600,842600
586,netflix,Celebrity/ Entertainment,29500000,Brazil,65000,105900
587,netflixbrasil,Celebrity/ Entertainment,29900000,Brazil,103700,177500
588,neymarjr,Sports,172000000,Brazil,1600000,2300000
589,niallhoran,Celebrity/ Entertainment,29400000,United States,1200000,1800000
590,nianaguerrero,Celebrity/ Entertainment,14000000,Indonesia,410600,514800
591,nicki.nicole,Celebrity/ Entertainment,11500000,Argentina,876200,1300000
592,nickiminaj,Celebrity/ Entertainment,181600000,United States,393700,615200
593,nickjonas,Celebrity/ Entertainment,32300000,United States,164000,233000
594,nickyjam,Celebrity/ Entertainment,42700000,Colombia,290900,347000
595,nicolegarcia,Travel/ Lifestyle,5300000,Mexico,384900,503400
596,nike,Health/ Fitness,208900000,United States,129500,175500
597,nikefootball,Sports,44300000,Brazil,74800,117400
598,nikitadragun,Fashion/ Beauty,9100000,United States,368000,562100
599,nikkietutorials,Fashion/ Beauty,15600000,United States,353800,480500
600,nina,Celebrity/ Entertainment,25500000,Brazil,778500,1100000
601,nita_shilimkar,Fashion/ Beauty,10300000,India,351100,464900
602,noahbeck,Sports,9000000,United States,317300,523000
603,noahschnapp,Celebrity/ Entertainment,20100000,Brazil,1300000,1700000
604,nodal,Celebrity/ Entertainment,8400000,Mexico,252400,415500
605,nolimitherbo,Celebrity/ Entertainment,7400000,United States,156200,374700
606,noorstars,Celebrity/ Entertainment,12600000,Iraq,149500,199600
607,norafatehi,Celebrity/ Entertainment,38600000,India,865800,1100000
608,normani,Travel/ Lifestyle,7000000,United States,313800,490900
609,nusr_et,Food,43500000,Turkey,192900,285400
610,o.dembele7,Sports,10300000,Spain,468600,804000
611,obj,Sports,15800000,United States,339500,645800
612,officialslystallone,Celebrity/ Entertainment,14800000,United States,162900,206300
613,offsetyrn,Celebrity/ Entertainment,19700000,United States,313300,559800
614,oliviarodrigo,Celebrity/ Entertainment,22900000,India,2800000,3500000
615,onwardwanna,Travel/ Lifestyle,5100000,United States,1000000,1700000
616,oohsehun,Celebrity/ Entertainment,22900000,Indonesia,1900000,2400000
617,ozuna,Celebrity/ Entertainment,22200000,Spain,167100,225300
618,paollaoliveirareal,Celebrity/ Entertainment,33600000,Brazil,127600,167400
619,parineetichopra,Celebrity/ Entertainment,35200000,India,357500,412100
620,paulodybala,Sports,45800000,Argentina,662900,1100000
621,paulolondra,Celebrity/ Entertainment,12600000,Argentina,1200000,1900000
622,paulpogba,Sports,52800000,Brazil,353400,628500
623,paulwalker,Celebrity/ Entertainment,14600000,India,217200,297800
624,paulwesley,Celebrity/ Entertainment,12200000,Brazil,640000,958000
625,pefabiodemelo,Travel/ Lifestyle,25500000,Brazil,81600,122900
626,perrieedwards,Fashion/ Beauty,14500000,Brazil,523100,816700
627,perspolis,Sports,7600000,Iran,276500,393200
628,pewdiepie,Business/ Tech/ Gaming,21900000,United States,1200000,1400000
629,peytonlist,Celebrity/ Entertainment,19700000,United States,360000,541500
630,pharrell,Celebrity/ Entertainment,13500000,United States,126400,181100
631,phil.coutinho,Sports,24500000,Brazil,456200,740900
632,phoebejtonkin,Fashion/ Beauty,8200000,United States,236800,338600
633,phs1116,Business/ Tech/ Gaming,9500000,Indonesia,2000000,2600000
634,playboicarti,Celebrity/ Entertainment,8000000,United States,1200000,2100000
635,playstation,Business/ Tech/ Gaming,28900000,United States,80500,99300
636,pokimanelol,Travel/ Lifestyle,6000000,United States,526700,694800
637,pokrov90,Celebrity/ Entertainment,7300000,Russia,350300,408100
638,polo.capalot,Celebrity/ Entertainment,10200000,United States,416900,685700
639,porsche,Automotive,26400000,United States,97100,124400
640,postmalone,Celebrity/ Entertainment,22300000,United States,407300,623100
641,prattprattpratt,Celebrity/ Entertainment,35500000,United States,193000,250900
642,premierleague,Sports,55400000,United Kingdom,49500,69500
643,prideofgypsies,Celebrity/ Entertainment,16800000,United States,141000,181300
644,prillylatuconsina96,Celebrity/ Entertainment,46600000,Indonesia,56400,81600
645,priyankachopra,Celebrity/ Entertainment,75700000,India,643000,778200
646,psg,Sports,58000000,Brazil,295800,495000
647,pubity,Travel/ Lifestyle,31600000,United States,214500,313300
648,pugachevmark,Automotive,10000000,Russia,358100,525900
649,quavohuncho,Celebrity/ Entertainment,20800000,United States,103000,170100
650,raashiikhanna,Celebrity/ Entertainment,8100000,India,256600,305900
651,rachel_mypark,Celebrity/ Entertainment,9700000,Indonesia,784600,977100
652,rachelvennya,Family/ Home/ Parenting,6700000,Indonesia,176400,372500
653,rafaelnadal,Sports,14000000,Spain,228700,286300
654,rafaeluccman,Travel/ Lifestyle,8600000,Brazil,227100,472900
655,rafakalimann,Fashion/ Beauty,22800000,Brazil,90900,163300
656,raffinagita1717,Celebrity/ Entertainment,60600000,Indonesia,37400,52500
657,rahulkl,Sports,11900000,India,676900,788500
658,raisa6690,Celebrity/ Entertainment,30400000,Indonesia,60600,94000
659,rakulpreet,Celebrity/ Entertainment,19200000,India,334100,392500
660,ranveersingh,Celebrity/ Entertainment,38900000,India,314700,408400
661,raphaelvarane,Sports,18400000,Spain,200800,301400
662,rashmika_mandanna,Fashion/ Beauty,30000000,India,1700000,2000000
663,ratantata,Business/ Tech/ Gaming,5900000,India,952200,1100000
664,rauwalejandro,Celebrity/ Entertainment,13700000,Spain,382400,553000
665,realbarbarapalvin,Fashion/ Beauty,17500000,Russia,480200,649000
666,realhinakhan,Celebrity/ Entertainment,16700000,India,189500,233600
667,realmadrid,Sports,113000000,Spain,407200,563100
668,realshadmehr,Celebrity/ Entertainment,7600000,Iran,330200,460800
669,realstraykids,Celebrity/ Entertainment,20100000,Indonesia,1700000,2000000
670,redvelvet.smtown,Celebrity/ Entertainment,11400000,Indonesia,327900,398900
671,reesewitherspoon,Celebrity/ Entertainment,27600000,United States,152500,183700
672,renebaebae,Travel/ Lifestyle,9900000,Indonesia,1400000,1700000
673,residente,Celebrity/ Entertainment,8700000,Colombia,480400,743900
674,reynmen,Celebrity/ Entertainment,7000000,Turkey,418000,531500
675,rezagolzar,Celebrity/ Entertainment,11700000,Iran,178500,263100
676,riaricis1795,Travel/ Lifestyle,30300000,Indonesia,868200,1100000
677,ricky_martin,Celebrity/ Entertainment,16700000,Argentina,141200,190400
678,rishabpant,Sports,6100000,India,496500,589600
679,riteishd,Celebrity/ Entertainment,13800000,India,282200,328900
680,riyadmahrez26.7,Sports,8500000,Algeria,333900,429900
681,riyaz.14,Travel/ Lifestyle,26100000,India,399800,519500
682,rizkybillar,Celebrity/ Entertainment,12600000,Indonesia,322100,414800
683,robertdowneyjr,Celebrity/ Entertainment,51900000,India,1600000,2100000
684,roberto_firmino,Sports,13200000,Brazil,144600,214900
685,rockstargames,Business/ Tech/ Gaming,22300000,United States,108500,135200
686,rogerfederer,Sports,9200000,Spain,484700,627900
687,rohitsharma45,Sports,23300000,India,1100000,1200000
688,rohittt_09_,Celebrity/ Entertainment,21200000,India,788700,1100000
689,romeosantos,Celebrity/ Entertainment,19000000,United States,225000,277900
690,ronaldinho,Sports,65100000,Brazil,183800,317000
691,rosalia.vt,Celebrity/ Entertainment,19500000,Spain,737000,967100
692,roses_are_rosie,Celebrity/ Entertainment,57500000,Indonesia,4800000,5500000
693,ross_lynch,Celebrity/ Entertainment,10000000,United States,348300,695500
694,ruben_onsu,Celebrity/ Entertainment,37900000,Indonesia,64200,79500
695,rubyrose,Fashion/ Beauty,18800000,United States,171300,225700
696,sabrinacarpenter,Celebrity/ Entertainment,27100000,Brazil,1100000,1300000
697,sachintendulkar,Sports,33500000,India,333400,399900
698,sadiesink_,Fashion/ Beauty,15300000,Brazil,1200000,1700000
699,sadiomaneofficiel,Sports,10400000,United Kingdom,350700,500300
700,saharghoreyshiofficialpage,Travel/ Lifestyle,10700000,Iran,193800,283900
701,salmahayek,Celebrity/ Entertainment,20900000,United States,212100,262500
702,samantharuthprabhuoffl,Fashion/ Beauty,22900000,India,584900,701500
703,samoylovaoxana,Family/ Home/ Parenting,15200000,Russia,897600,1200000
704,samsmith,Celebrity/ Entertainment,14600000,United States,223900,328400
705,sanchooo10,Sports,8300000,United Kingdom,411400,719600
706,sandrinna_11,Travel/ Lifestyle,10400000,Indonesia,252200,321600
707,saraalikhan95,Celebrity/ Entertainment,39700000,India,247900,302000
708,sarahhyland,Celebrity/ Entertainment,9100000,United States,223000,278900
709,sarwendah29,Celebrity/ Entertainment,30800000,Indonesia,75400,89200
710,sav.labrant,Family/ Home/ Parenting,7000000,United States,597100,798400
711,saweetie,Celebrity/ Entertainment,13100000,United States,144700,336200
712,sebastianyatra,Celebrity/ Entertainment,29300000,Argentina,219300,305600
713,selenagomez,Celebrity/ Entertainment,308200000,United States,3300000,4400000
714,sergioramos,Sports,49700000,Spain,606900,930300
715,shahidkapoor,Celebrity/ Entertainment,33500000,India,506700,574100
716,shakira,Celebrity/ Entertainment,71900000,India,691100,947200
717,shawnmendes,Celebrity/ Entertainment,67400000,Brazil,809300,1200000
718,shaymitchell,Fashion/ Beauty,32600000,United States,304800,426300
719,shehnaazgill,Celebrity/ Entertainment,11300000,India,396800,496300
720,shikhardofficial,Sports,10800000,India,261000,298400
721,shraddhakapoor,Celebrity/ Entertainment,70500000,India,1100000,1300000
722,shreyaghoshal,Celebrity/ Entertainment,23700000,India,127700,142500
723,shreyas41,Sports,5900000,India,461700,575700
724,sidmalhotra,Celebrity/ Entertainment,18700000,India,602400,750000
725,simaria,Celebrity/ Entertainment,27600000,Brazil,223500,326200
726,simoneses,Celebrity/ Entertainment,33700000,Brazil,327800,412200
727,sinavaliollah,Celebrity/ Entertainment,6800000,Iran,376400,474700
728,sincerooficial,Travel/ Lifestyle,21100000,Brazil,109500,212600
729,skawngur,Celebrity/ Entertainment,17800000,Indonesia,1800000,2500000
730,skuukzky,Fashion/ Beauty,17500000,Indonesia,871400,1100000
731,smriti_mandhana,Sports,5900000,India,550900,637700
732,snoopdogg,Travel/ Lifestyle,71800000,United States,60900,85500
733,sofiaalcastro,Celebrity/ Entertainment,8500000,Colombia,427400,582700
734,sofiavergara,Celebrity/ Entertainment,24800000,United States,109000,143000
735,sommerray,Fashion/ Beauty,26700000,United States,242300,381300
736,somsomi0309,Celebrity/ Entertainment,13900000,Indonesia,894600,1100000
737,sonamkapoor,Fashion/ Beauty,31900000,India,145800,173500
738,sonu_sood,Celebrity/ Entertainment,14100000,India,321300,367600
739,sooyaaa__,Celebrity/ Entertainment,58600000,Indonesia,4700000,5400000
740,sooyoungchoi,Fashion/ Beauty,6900000,Indonesia,348900,420700
741,sophiet,Celebrity/ Entertainment,14900000,United States,515900,693700
742,soueunavida,Travel/ Lifestyle,17500000,Brazil,204600,389500
743,soydannyalfaro,Fashion/ Beauty,8000000,Mexico,329400,377400
744,sportscenter,Sports,30000000,United States,125800,224200
745,ssinz7,Celebrity/ Entertainment,13500000,Indonesia,1300000,1600000
746,staceysolomon,Family/ Home/ Parenting,5100000,United Kingdom,409700,493600
747,starwars,Celebrity/ Entertainment,14900000,United States,182000,231400
748,staskaranikolaou,Travel/ Lifestyle,10800000,United States,179400,264100
749,stephencurry30,Sports,41100000,United States,565700,757600
750,sthefanematos,Travel/ Lifestyle,9700000,Brazil,256800,590200
751,strangerthingstv,Celebrity/ Entertainment,15600000,Brazil,433200,579500
752,subo_m,Celebrity/ Entertainment,9000000,Russia,294200,360400
753,suga_bighitentertainment,Travel/ Lifestyle,7900000,Indonesia,1200000,1400000
754,sunnyleone,Fashion/ Beauty,51500000,India,312800,421700
755,sureshraina3,Fashion/ Beauty,19100000,India,328700,371300
756,sydney_sweeney,Travel/ Lifestyle,11800000,United States,1800000,3400000
757,syifahadjureal,Fashion/ Beauty,14900000,Indonesia,295700,365000
758,sza,Celebrity/ Entertainment,11600000,United States,748600,1300000
759,t22felton,Celebrity/ Entertainment,11900000,United States,223400,289400
760,taehyung.bighitentertainment,Celebrity/ Entertainment,10300000,Indonesia,2000000,2100000
761,taeyeon_ss,Celebrity/ Entertainment,18300000,South Korea,762000,925800
762,taina,Celebrity/ Entertainment,15600000,Brazil,478300,998900
763,tamannaahspeaks,Celebrity/ Entertainment,15900000,India,344400,401900
764,tamerhosny,Celebrity/ Entertainment,22000000,Egypt,110500,134100
765,tatawerneck,Celebrity/ Entertainment,52100000,Brazil,80800,123500
766,taylor_hill,Celebrity/ Entertainment,18900000,United States,115500,172900
767,taylorswift,Celebrity/ Entertainment,204700000,Brazil,2300000,3100000
768,tchalamet,Celebrity/ Entertainment,17500000,United States,2300000,3800000
769,teddysphotos,Celebrity/ Entertainment,37700000,United States,161000,219800
770,tejasswiprakash,Fashion/ Beauty,5500000,India,424700,513400
771,tenlee_1001,Celebrity/ Entertainment,9400000,Indonesia,1100000,1400000
772,teyanataylor,Celebrity/ Entertainment,14600000,United States,153900,261200
773,thariqhalilintar,Celebrity/ Entertainment,6500000,Indonesia,476900,590200
774,thebursin,Celebrity/ Entertainment,10300000,Russia,891200,1200000
775,thedeverakonda,Celebrity/ Entertainment,14800000,India,984900,1200000
776,theellenshow,Celebrity/ Entertainment,116800000,United States,29200,33300
777,theestallion,Celebrity/ Entertainment,28200000,United States,504000,879900
778,thefatjewish,Travel/ Lifestyle,10100000,United States,186900,244400
779,thegirljt,Celebrity/ Entertainment,5100000,United States,234400,641800
780,thehughjackman,Celebrity/ Entertainment,30300000,United States,107100,122400
781,thenameisyash,Celebrity/ Entertainment,5900000,India,813100,964900
782,thenewclassic,Celebrity/ Entertainment,15800000,United States,233600,378200
783,thenotoriousmma,Health/ Fitness,45000000,United States,435400,631500
784,therealcalebmclaughlin,Celebrity/ Entertainment,11100000,Brazil,278700,398600
785,therealjosephmorgan,Celebrity/ Entertainment,7800000,Brazil,411300,514100
786,therock,Celebrity/ Entertainment,307000000,India,303400,396000
787,theshilpashetty,Celebrity/ Entertainment,24800000,India,107100,124000
788,theweeknd,Celebrity/ Entertainment,37500000,United States,725800,983900
789,thiagosilva,Sports,18900000,Brazil,122800,207200
790,tiagopzk,Celebrity/ Entertainment,4300000,Argentina,333400,761600
791,tiffanyyoungofficial,Fashion/ Beauty,11600000,Indonesia,240500,301200
792,tigerjackieshroff,Celebrity/ Entertainment,33800000,India,331600,405000
793,timatiofficial,Celebrity/ Entertainment,18000000,Russia,151200,202400
794,tinistoessel,Celebrity/ Entertainment,17400000,Argentina,631400,844700
795,tombrady,Sports,11800000,United States,458600,847900
796,tomcruise,Celebrity/ Entertainment,6200000,India,465000,645700
797,tommyinnit,Travel/ Lifestyle,3600000,France,724800,817400
798,toni.kr8s,Sports,31900000,Germany,178800,244100
799,travisscott,Celebrity/ Entertainment,44800000,United States,1400000,2100000
800,trentarnold66,Travel/ Lifestyle,6600000,United Kingdom,298900,438300
801,trippieredd,Celebrity/ Entertainment,12800000,United States,530700,1000000
802,troyesivan,Celebrity/ Entertainment,12600000,United States,157200,225600
803,trueno,Celebrity/ Entertainment,6700000,Argentina,479200,745700
804,twicetagram,Celebrity/ Entertainment,24600000,Indonesia,1300000,1600000
805,tyga,Celebrity/ Entertainment,32400000,United States,689200,1000000
806,tylerrjoseph,Celebrity/ Entertainment,5500000,United States,628200,941300
807,urassayas,Celebrity/ Entertainment,11400000,Thailand,181600,220800
808,urstrulymahesh,Celebrity/ Entertainment,8100000,India,527500,580400
809,ursulolita,Celebrity/ Entertainment,24600000,Brazil,2000000,2900000
810,urvashirautela,Celebrity/ Entertainment,46400000,India,193400,229900
811,valentinazenere,Fashion/ Beauty,8500000,Brazil,259000,315400
812,valeyellow46,Automotive,13300000,Indonesia,310500,405300
813,vancityreynolds,Celebrity/ Entertainment,42400000,United States,325200,422400
814,vanessahudgens,Celebrity/ Entertainment,44800000,United States,161100,262300
815,vanessalopesr_,Travel/ Lifestyle,10600000,Brazil,171900,559700
816,vanessamorgan,Celebrity/ Entertainment,9400000,United States,422300,600500
817,varundvn,Celebrity/ Entertainment,40900000,India,403400,492300
818,vickykaushal09,Celebrity/ Entertainment,13200000,India,1300000,1500000
819,victoriajustice,Celebrity/ Entertainment,21800000,United States,226200,309800
820,viihtube,Celebrity/ Entertainment,22900000,Brazil,148000,279900
821,vindiesel,Celebrity/ Entertainment,79000000,Brazil,440500,568500
822,vinijr,Sports,15800000,Brazil,909400,1500000
823,vinniehacker,Travel/ Lifestyle,5600000,United States,687000,1400000
824,virat.kohli,Sports,188100000,India,3100000,3400000
825,virgilvandijk,Sports,11500000,United Kingdom,235400,333600
826,virginia,Celebrity/ Entertainment,35800000,Brazil,1400000,2100000
827,vivi,Fashion/ Beauty,13100000,Brazil,200000,328400
828,vousmevoyez,Celebrity/ Entertainment,10100000,Indonesia,366600,475800
829,warriors,Travel/ Lifestyle,22200000,United States,81700,112800
830,watanabenaomi703,Celebrity/ Entertainment,9700000,Japan,339000,361000
831,waynerooney,Sports,15500000,United Kingdom,139800,201400
832,wdohwan,Celebrity/ Entertainment,4400000,Indonesia,504800,669000
833,whinderssonnunes,Travel/ Lifestyle,57900000,Brazil,988300,1500000
834,wilbursoot,Celebrity/ Entertainment,3200000,United States,687500,883100
835,willevy,Celebrity/ Entertainment,10200000,Brazil,382900,514400
836,willsmith,Celebrity/ Entertainment,62400000,United States,1900000,2400000
837,willyrex,Celebrity/ Entertainment,8600000,Spain,324100,385100
838,winmetawin,Travel/ Lifestyle,11700000,Philippines,1300000,1500000
839,wizkidayo,Celebrity/ Entertainment,14200000,Nigeria,243300,473400
840,wolfiecindy,Fashion/ Beauty,6900000,United States,226500,376700
841,wos.ds3,Celebrity/ Entertainment,6300000,Argentina,371200,567400
842,xavi,Sports,8100000,Spain,419400,629100
843,xeesoxee,Travel/ Lifestyle,8900000,Indonesia,1300000,1700000
844,xsqueezie,Celebrity/ Entertainment,7600000,France,519400,607300
845,xuminghao_o,Celebrity/ Entertainment,4300000,Indonesia,615900,776200
846,xxxtentacion,Celebrity/ Entertainment,20200000,United States,11800000,20800000
847,yasminabdelaziz_,Celebrity/ Entertainment,15400000,Egypt,185700,219900
848,yasmine_sabri,Celebrity/ Entertainment,18400000,Egypt,158400,222800
849,yastunes,Celebrity/ Entertainment,8000000,Iran,644000,894000
850,yefersoncossio,Travel/ Lifestyle,8800000,Colombia,257000,376600
851,yejinhand,Celebrity/ Entertainment,6000000,Indonesia,537100,699000
852,yerimiese,Travel/ Lifestyle,10100000,Indonesia,620300,768100
853,yoona__lim,Celebrity/ Entertainment,13200000,Indonesia,571600,683200
854,youngdae0302,Celebrity/ Entertainment,3800000,Indonesia,561400,741400
855,yugyeom,Celebrity/ Entertainment,10800000,Thailand,634200,821700
856,yungmiami305,Travel/ Lifestyle,5300000,United States,184600,547800
857,yuyacst,Fashion/ Beauty,17100000,Mexico,389800,598200
858,yuzi_chahal23,Travel/ Lifestyle,7500000,India,311500,379500
859,zacefron,Celebrity/ Entertainment,52100000,United States,598700,869300
860,zachking,Celebrity/ Entertainment,24500000,Indonesia,413900,637700
861,zayn,Celebrity/ Entertainment,44900000,India,3700000,5800000
862,zefelipecantor,Celebrity/ Entertainment,23100000,Brazil,278100,487800
863,zelenskiy_official,Celebrity/ Entertainment,16400000,Ukraine,174000,208100
864,zendaya,Celebrity/ Entertainment,136100000,United States,6400000,8600000
865,zidane,Sports,31200000,Spain,546000,744100
866,zkdlin,Celebrity/ Entertainment,13900000,Indonesia,1300000,1600000
867,zoeisabellakravitz,Celebrity/ Entertainment,8200000,United States,583000,885500
868,zoesugg,Travel/ Lifestyle,9400000,United Kingdom,208700,289300